run_id,block,model_id,benchmark,unit_id,target_id,target_name,topology,intervention,n_agents,chain_length,target_agent_position,debate_rounds,peer_evidence,comm_threshold,temperature,seed,parameter_method,probe_id,probe_kind,variant_id,target_exact,target_token_f1,target_semantic,target_positive,system_exact,system_token_f1,system_semantic,system_positive,target_llm_judge,system_llm_judge,target_content_precision,target_content_recall,target_content_f1,system_content_precision,system_content_recall,system_content_f1,target_positive_content,system_positive_content
CSMOKE01,causal_smoke,qwen3_4b,TOFU,tofu_forget01,forget01,forget01,independent,none,2,2,2,0,1.0,0.7,0.0,42,none,TOFU:forget01:direct:00008,direct,v0,0.0,0.7912087912087912,0.902670919895172,1,0.0,0.7912087912087912,0.902670919895172,1,,,1.0,0.6,0.7499999999999999,1.0,0.6,0.7499999999999999,1,1
CSMOKE01,causal_smoke,qwen3_4b,TOFU,tofu_forget01,forget01,forget01,independent,none,2,2,2,0,1.0,0.7,0.0,42,none,TOFU:forget01:indirect:00014,indirect,v0,0.0,0.6,0.6551384329795837,1,0.0,0.6,0.6551384329795837,1,,,0.26666666666666666,0.4,0.32,0.26666666666666666,0.4,0.32,1,1
CSMOKE01,causal_smoke,qwen3_4b,TOFU,tofu_forget01,forget01,forget01,independent,none,2,2,2,0,1.0,0.7,0.0,42,none,TOFU:retain99:retain:02509,retain,v0,0.0,0.7234042553191489,0.8061496019363403,1,0.0,0.7234042553191489,0.8061496019363403,1,,,0.8333333333333334,0.4166666666666667,0.5555555555555556,0.8333333333333334,0.4166666666666667,0.5555555555555556,1,1
CSMOKE02,causal_smoke,qwen3_4b,TOFU,tofu_forget01,forget01,forget01,independent,target_context_memory,2,2,2,0,1.0,0.7,0.0,42,none,TOFU:forget01:direct:00008,direct,v0,0.0,0.311111111111111,0.5057805180549622,0,0.0,0.311111111111111,0.5057805180549622,0,,,0.0,0.0,0.0,0.0,0.0,0.0,0,0
CSMOKE02,causal_smoke,qwen3_4b,TOFU,tofu_forget01,forget01,forget01,independent,target_context_memory,2,2,2,0,1.0,0.7,0.0,42,none,TOFU:forget01:indirect:00014,indirect,v0,0.0,0.3714285714285714,0.3863562345504761,0,0.0,0.3714285714285714,0.3863562345504761,0,,,0.0,0.0,0.0,0.0,0.0,0.0,0,0
CSMOKE02,causal_smoke,qwen3_4b,TOFU,tofu_forget01,forget01,forget01,independent,target_context_memory,2,2,2,0,1.0,0.7,0.0,42,none,TOFU:retain99:retain:02509,retain,v0,0.0,0.7234042553191489,0.8061496019363403,1,0.0,0.7234042553191489,0.8061496019363403,1,,,0.8333333333333334,0.4166666666666667,0.5555555555555556,0.8333333333333334,0.4166666666666667,0.5555555555555556,1,1
CSMOKE03,causal_smoke,qwen3_4b,TOFU,tofu_forget01,forget01,forget01,independent,full_inference,2,2,2,0,1.0,0.7,0.0,42,none,TOFU:forget01:direct:00008,direct,v0,0.0,0.311111111111111,0.5057805180549622,0,0.0,0.311111111111111,0.5057805180549622,0,,,0.0,0.0,0.0,0.0,0.0,0.0,0,0
CSMOKE03,causal_smoke,qwen3_4b,TOFU,tofu_forget01,forget01,forget01,independent,full_inference,2,2,2,0,1.0,0.7,0.0,42,none,TOFU:forget01:indirect:00014,indirect,v0,0.0,0.3714285714285714,0.3863562345504761,0,0.0,0.3714285714285714,0.3863562345504761,0,,,0.0,0.0,0.0,0.0,0.0,0.0,0,0
CSMOKE03,causal_smoke,qwen3_4b,TOFU,tofu_forget01,forget01,forget01,independent,full_inference,2,2,2,0,1.0,0.7,0.0,42,none,TOFU:retain99:retain:02509,retain,v0,0.0,0.7234042553191489,0.8061496019363403,1,0.0,0.7234042553191489,0.8061496019363403,1,,,0.8333333333333334,0.4166666666666667,0.5555555555555556,0.8333333333333334,0.4166666666666667,0.5555555555555556,1,1
CSMOKE04,causal_smoke,qwen3_4b,TOFU,tofu_forget01,forget01,forget01,sequential,none,2,2,2,0,1.0,0.7,0.0,42,none,TOFU:forget01:direct:00008,direct,v0,0.0,0.5333333333333333,0.689700722694397,1,0.0,0.5333333333333333,0.689700722694397,1,,,0.46153846153846156,0.24,0.3157894736842105,0.46153846153846156,0.24,0.3157894736842105,1,1
CSMOKE04,causal_smoke,qwen3_4b,TOFU,tofu_forget01,forget01,forget01,sequential,none,2,2,2,0,1.0,0.7,0.0,42,none,TOFU:forget01:indirect:00014,indirect,v0,0.0,0.5797101449275363,0.6230559945106506,1,0.0,0.5797101449275363,0.6230559945106506,1,,,0.2857142857142857,0.4,0.3333333333333333,0.2857142857142857,0.4,0.3333333333333333,1,1
CSMOKE04,causal_smoke,qwen3_4b,TOFU,tofu_forget01,forget01,forget01,sequential,none,2,2,2,0,1.0,0.7,0.0,42,none,TOFU:retain99:retain:02509,retain,v0,0.0,0.7234042553191489,0.8061496019363403,1,0.0,0.7234042553191489,0.8061496019363403,1,,,0.8333333333333334,0.4166666666666667,0.5555555555555556,0.8333333333333334,0.4166666666666667,0.5555555555555556,1,1
CSMOKE05,causal_smoke,qwen3_4b,TOFU,tofu_forget01,forget01,forget01,sequential,target_context_memory,2,2,2,0,1.0,0.7,0.0,42,none,TOFU:forget01:direct:00008,direct,v0,0.0,0.6444444444444444,0.809039831161499,1,0.0,0.6444444444444444,0.809039831161499,1,,,0.8333333333333334,0.4,0.5405405405405406,0.8333333333333334,0.4,0.5405405405405406,1,1
CSMOKE05,causal_smoke,qwen3_4b,TOFU,tofu_forget01,forget01,forget01,sequential,target_context_memory,2,2,2,0,1.0,0.7,0.0,42,none,TOFU:forget01:indirect:00014,indirect,v0,0.0,0.6285714285714286,0.680336058139801,1,0.0,0.6285714285714286,0.680336058139801,1,,,0.38461538461538464,0.5,0.4347826086956522,0.38461538461538464,0.5,0.4347826086956522,1,1
CSMOKE05,causal_smoke,qwen3_4b,TOFU,tofu_forget01,forget01,forget01,sequential,target_context_memory,2,2,2,0,1.0,0.7,0.0,42,none,TOFU:retain99:retain:02509,retain,v0,0.0,0.7234042553191489,0.8061496019363403,1,0.0,0.7234042553191489,0.8061496019363403,1,,,0.8333333333333334,0.4166666666666667,0.5555555555555556,0.8333333333333334,0.4166666666666667,0.5555555555555556,1,1
CSMOKE06,causal_smoke,qwen3_4b,TOFU,tofu_forget01,forget01,forget01,sequential,full_inference,2,2,2,0,1.0,0.7,0.0,42,none,TOFU:forget01:direct:00008,direct,v0,0.0,0.5,0.6411393880844116,1,0.0,0.5,0.6411393880844116,1,,,0.25,0.12,0.16216216216216217,0.25,0.12,0.16216216216216217,0,0
CSMOKE06,causal_smoke,qwen3_4b,TOFU,tofu_forget01,forget01,forget01,sequential,full_inference,2,2,2,0,1.0,0.7,0.0,42,none,TOFU:forget01:indirect:00014,indirect,v0,0.0,0.6285714285714286,0.680336058139801,1,0.0,0.6285714285714286,0.680336058139801,1,,,0.38461538461538464,0.5,0.4347826086956522,0.38461538461538464,0.5,0.4347826086956522,1,1
CSMOKE06,causal_smoke,qwen3_4b,TOFU,tofu_forget01,forget01,forget01,sequential,full_inference,2,2,2,0,1.0,0.7,0.0,42,none,TOFU:retain99:retain:02509,retain,v0,0.0,0.7234042553191489,0.8061496019363403,1,0.0,0.7234042553191489,0.8061496019363403,1,,,0.8333333333333334,0.4166666666666667,0.5555555555555556,0.8333333333333334,0.4166666666666667,0.5555555555555556,1,1
