run_id,block,model_id,benchmark,unit_id,target_id,target_name,topology,intervention,n_agents,chain_length,target_agent_position,debate_rounds,peer_evidence,comm_threshold,temperature,seed,parameter_method,status
AU003186,stochastic_robustness,qwen3_8b,TOFU,tofu_forget01,forget01,forget01,independent,target_context_memory,4,4,2,2,1.0,0.5,0.3,42,none,pending
AU003187,stochastic_robustness,qwen3_8b,TOFU,tofu_forget01,forget01,forget01,independent,target_context_memory,4,4,2,2,1.0,0.5,0.3,43,none,pending
AU003188,stochastic_robustness,qwen3_8b,TOFU,tofu_forget01,forget01,forget01,independent,target_context_memory,4,4,2,2,1.0,0.5,0.3,44,none,pending
AU003189,stochastic_robustness,qwen3_8b,TOFU,tofu_forget01,forget01,forget01,independent,target_context_memory,4,4,2,2,1.0,0.5,0.3,45,none,pending
AU003190,stochastic_robustness,qwen3_8b,TOFU,tofu_forget01,forget01,forget01,independent,target_context_memory,4,4,2,2,1.0,0.5,0.3,46,none,pending
AU003191,stochastic_robustness,qwen3_8b,TOFU,tofu_forget01,forget01,forget01,independent,target_context_memory,4,4,2,2,1.0,0.5,0.7,42,none,pending
AU003192,stochastic_robustness,qwen3_8b,TOFU,tofu_forget01,forget01,forget01,independent,target_context_memory,4,4,2,2,1.0,0.5,0.7,43,none,pending
AU003193,stochastic_robustness,qwen3_8b,TOFU,tofu_forget01,forget01,forget01,independent,target_context_memory,4,4,2,2,1.0,0.5,0.7,44,none,pending
AU003194,stochastic_robustness,qwen3_8b,TOFU,tofu_forget01,forget01,forget01,independent,target_context_memory,4,4,2,2,1.0,0.5,0.7,45,none,pending
AU003195,stochastic_robustness,qwen3_8b,TOFU,tofu_forget01,forget01,forget01,independent,target_context_memory,4,4,2,2,1.0,0.5,0.7,46,none,pending
AU003196,stochastic_robustness,qwen3_8b,TOFU,tofu_forget01,forget01,forget01,independent,full_inference,4,4,2,2,1.0,0.5,0.3,42,none,pending
AU003197,stochastic_robustness,qwen3_8b,TOFU,tofu_forget01,forget01,forget01,independent,full_inference,4,4,2,2,1.0,0.5,0.3,43,none,pending
AU003198,stochastic_robustness,qwen3_8b,TOFU,tofu_forget01,forget01,forget01,independent,full_inference,4,4,2,2,1.0,0.5,0.3,44,none,pending
AU003199,stochastic_robustness,qwen3_8b,TOFU,tofu_forget01,forget01,forget01,independent,full_inference,4,4,2,2,1.0,0.5,0.3,45,none,pending
AU003200,stochastic_robustness,qwen3_8b,TOFU,tofu_forget01,forget01,forget01,independent,full_inference,4,4,2,2,1.0,0.5,0.3,46,none,pending
AU003201,stochastic_robustness,qwen3_8b,TOFU,tofu_forget01,forget01,forget01,independent,full_inference,4,4,2,2,1.0,0.5,0.7,42,none,pending
AU003202,stochastic_robustness,qwen3_8b,TOFU,tofu_forget01,forget01,forget01,independent,full_inference,4,4,2,2,1.0,0.5,0.7,43,none,pending
AU003203,stochastic_robustness,qwen3_8b,TOFU,tofu_forget01,forget01,forget01,independent,full_inference,4,4,2,2,1.0,0.5,0.7,44,none,pending
AU003204,stochastic_robustness,qwen3_8b,TOFU,tofu_forget01,forget01,forget01,independent,full_inference,4,4,2,2,1.0,0.5,0.7,45,none,pending
AU003205,stochastic_robustness,qwen3_8b,TOFU,tofu_forget01,forget01,forget01,independent,full_inference,4,4,2,2,1.0,0.5,0.7,46,none,pending
AU003206,stochastic_robustness,qwen3_8b,TOFU,tofu_forget01,forget01,forget01,sequential,target_context_memory,4,4,2,2,1.0,0.5,0.3,42,none,pending
AU003207,stochastic_robustness,qwen3_8b,TOFU,tofu_forget01,forget01,forget01,sequential,target_context_memory,4,4,2,2,1.0,0.5,0.3,43,none,pending
AU003208,stochastic_robustness,qwen3_8b,TOFU,tofu_forget01,forget01,forget01,sequential,target_context_memory,4,4,2,2,1.0,0.5,0.3,44,none,pending
AU003209,stochastic_robustness,qwen3_8b,TOFU,tofu_forget01,forget01,forget01,sequential,target_context_memory,4,4,2,2,1.0,0.5,0.3,45,none,pending
AU003210,stochastic_robustness,qwen3_8b,TOFU,tofu_forget01,forget01,forget01,sequential,target_context_memory,4,4,2,2,1.0,0.5,0.3,46,none,pending
AU003211,stochastic_robustness,qwen3_8b,TOFU,tofu_forget01,forget01,forget01,sequential,target_context_memory,4,4,2,2,1.0,0.5,0.7,42,none,pending
AU003212,stochastic_robustness,qwen3_8b,TOFU,tofu_forget01,forget01,forget01,sequential,target_context_memory,4,4,2,2,1.0,0.5,0.7,43,none,pending
AU003213,stochastic_robustness,qwen3_8b,TOFU,tofu_forget01,forget01,forget01,sequential,target_context_memory,4,4,2,2,1.0,0.5,0.7,44,none,pending
AU003214,stochastic_robustness,qwen3_8b,TOFU,tofu_forget01,forget01,forget01,sequential,target_context_memory,4,4,2,2,1.0,0.5,0.7,45,none,pending
AU003215,stochastic_robustness,qwen3_8b,TOFU,tofu_forget01,forget01,forget01,sequential,target_context_memory,4,4,2,2,1.0,0.5,0.7,46,none,pending
AU003216,stochastic_robustness,qwen3_8b,TOFU,tofu_forget01,forget01,forget01,sequential,full_inference,4,4,2,2,1.0,0.5,0.3,42,none,pending
AU003217,stochastic_robustness,qwen3_8b,TOFU,tofu_forget01,forget01,forget01,sequential,full_inference,4,4,2,2,1.0,0.5,0.3,43,none,pending
AU003218,stochastic_robustness,qwen3_8b,TOFU,tofu_forget01,forget01,forget01,sequential,full_inference,4,4,2,2,1.0,0.5,0.3,44,none,pending
AU003219,stochastic_robustness,qwen3_8b,TOFU,tofu_forget01,forget01,forget01,sequential,full_inference,4,4,2,2,1.0,0.5,0.3,45,none,pending
AU003220,stochastic_robustness,qwen3_8b,TOFU,tofu_forget01,forget01,forget01,sequential,full_inference,4,4,2,2,1.0,0.5,0.3,46,none,pending
AU003221,stochastic_robustness,qwen3_8b,TOFU,tofu_forget01,forget01,forget01,sequential,full_inference,4,4,2,2,1.0,0.5,0.7,42,none,pending
AU003222,stochastic_robustness,qwen3_8b,TOFU,tofu_forget01,forget01,forget01,sequential,full_inference,4,4,2,2,1.0,0.5,0.7,43,none,pending
AU003223,stochastic_robustness,qwen3_8b,TOFU,tofu_forget01,forget01,forget01,sequential,full_inference,4,4,2,2,1.0,0.5,0.7,44,none,pending
AU003224,stochastic_robustness,qwen3_8b,TOFU,tofu_forget01,forget01,forget01,sequential,full_inference,4,4,2,2,1.0,0.5,0.7,45,none,pending
AU003225,stochastic_robustness,qwen3_8b,TOFU,tofu_forget01,forget01,forget01,sequential,full_inference,4,4,2,2,1.0,0.5,0.7,46,none,pending
AU003226,stochastic_robustness,qwen3_8b,TOFU,tofu_forget01,forget01,forget01,debate,target_context_memory,4,4,2,2,1.0,0.5,0.3,42,none,pending
AU003227,stochastic_robustness,qwen3_8b,TOFU,tofu_forget01,forget01,forget01,debate,target_context_memory,4,4,2,2,1.0,0.5,0.3,43,none,pending
AU003228,stochastic_robustness,qwen3_8b,TOFU,tofu_forget01,forget01,forget01,debate,target_context_memory,4,4,2,2,1.0,0.5,0.3,44,none,pending
AU003229,stochastic_robustness,qwen3_8b,TOFU,tofu_forget01,forget01,forget01,debate,target_context_memory,4,4,2,2,1.0,0.5,0.3,45,none,pending
AU003230,stochastic_robustness,qwen3_8b,TOFU,tofu_forget01,forget01,forget01,debate,target_context_memory,4,4,2,2,1.0,0.5,0.3,46,none,pending
AU003231,stochastic_robustness,qwen3_8b,TOFU,tofu_forget01,forget01,forget01,debate,target_context_memory,4,4,2,2,1.0,0.5,0.7,42,none,pending
AU003232,stochastic_robustness,qwen3_8b,TOFU,tofu_forget01,forget01,forget01,debate,target_context_memory,4,4,2,2,1.0,0.5,0.7,43,none,pending
AU003233,stochastic_robustness,qwen3_8b,TOFU,tofu_forget01,forget01,forget01,debate,target_context_memory,4,4,2,2,1.0,0.5,0.7,44,none,pending
AU003234,stochastic_robustness,qwen3_8b,TOFU,tofu_forget01,forget01,forget01,debate,target_context_memory,4,4,2,2,1.0,0.5,0.7,45,none,pending
AU003235,stochastic_robustness,qwen3_8b,TOFU,tofu_forget01,forget01,forget01,debate,target_context_memory,4,4,2,2,1.0,0.5,0.7,46,none,pending
AU003236,stochastic_robustness,qwen3_8b,TOFU,tofu_forget01,forget01,forget01,debate,full_inference,4,4,2,2,1.0,0.5,0.3,42,none,pending
AU003237,stochastic_robustness,qwen3_8b,TOFU,tofu_forget01,forget01,forget01,debate,full_inference,4,4,2,2,1.0,0.5,0.3,43,none,pending
AU003238,stochastic_robustness,qwen3_8b,TOFU,tofu_forget01,forget01,forget01,debate,full_inference,4,4,2,2,1.0,0.5,0.3,44,none,pending
AU003239,stochastic_robustness,qwen3_8b,TOFU,tofu_forget01,forget01,forget01,debate,full_inference,4,4,2,2,1.0,0.5,0.3,45,none,pending
AU003240,stochastic_robustness,qwen3_8b,TOFU,tofu_forget01,forget01,forget01,debate,full_inference,4,4,2,2,1.0,0.5,0.3,46,none,pending
AU003241,stochastic_robustness,qwen3_8b,TOFU,tofu_forget01,forget01,forget01,debate,full_inference,4,4,2,2,1.0,0.5,0.7,42,none,pending
AU003242,stochastic_robustness,qwen3_8b,TOFU,tofu_forget01,forget01,forget01,debate,full_inference,4,4,2,2,1.0,0.5,0.7,43,none,pending
AU003243,stochastic_robustness,qwen3_8b,TOFU,tofu_forget01,forget01,forget01,debate,full_inference,4,4,2,2,1.0,0.5,0.7,44,none,pending
AU003244,stochastic_robustness,qwen3_8b,TOFU,tofu_forget01,forget01,forget01,debate,full_inference,4,4,2,2,1.0,0.5,0.7,45,none,pending
AU003245,stochastic_robustness,qwen3_8b,TOFU,tofu_forget01,forget01,forget01,debate,full_inference,4,4,2,2,1.0,0.5,0.7,46,none,pending
AU003246,stochastic_robustness,qwen3_8b,TOFU,tofu_forget01,forget01,forget01,scratchpad,target_context_memory,4,4,2,2,1.0,0.5,0.3,42,none,pending
AU003247,stochastic_robustness,qwen3_8b,TOFU,tofu_forget01,forget01,forget01,scratchpad,target_context_memory,4,4,2,2,1.0,0.5,0.3,43,none,pending
AU003248,stochastic_robustness,qwen3_8b,TOFU,tofu_forget01,forget01,forget01,scratchpad,target_context_memory,4,4,2,2,1.0,0.5,0.3,44,none,pending
AU003249,stochastic_robustness,qwen3_8b,TOFU,tofu_forget01,forget01,forget01,scratchpad,target_context_memory,4,4,2,2,1.0,0.5,0.3,45,none,pending
AU003250,stochastic_robustness,qwen3_8b,TOFU,tofu_forget01,forget01,forget01,scratchpad,target_context_memory,4,4,2,2,1.0,0.5,0.3,46,none,pending
AU003251,stochastic_robustness,qwen3_8b,TOFU,tofu_forget01,forget01,forget01,scratchpad,target_context_memory,4,4,2,2,1.0,0.5,0.7,42,none,pending
AU003252,stochastic_robustness,qwen3_8b,TOFU,tofu_forget01,forget01,forget01,scratchpad,target_context_memory,4,4,2,2,1.0,0.5,0.7,43,none,pending
AU003253,stochastic_robustness,qwen3_8b,TOFU,tofu_forget01,forget01,forget01,scratchpad,target_context_memory,4,4,2,2,1.0,0.5,0.7,44,none,pending
AU003254,stochastic_robustness,qwen3_8b,TOFU,tofu_forget01,forget01,forget01,scratchpad,target_context_memory,4,4,2,2,1.0,0.5,0.7,45,none,pending
AU003255,stochastic_robustness,qwen3_8b,TOFU,tofu_forget01,forget01,forget01,scratchpad,target_context_memory,4,4,2,2,1.0,0.5,0.7,46,none,pending
AU003256,stochastic_robustness,qwen3_8b,TOFU,tofu_forget01,forget01,forget01,scratchpad,full_inference,4,4,2,2,1.0,0.5,0.3,42,none,pending
AU003257,stochastic_robustness,qwen3_8b,TOFU,tofu_forget01,forget01,forget01,scratchpad,full_inference,4,4,2,2,1.0,0.5,0.3,43,none,pending
AU003258,stochastic_robustness,qwen3_8b,TOFU,tofu_forget01,forget01,forget01,scratchpad,full_inference,4,4,2,2,1.0,0.5,0.3,44,none,pending
AU003259,stochastic_robustness,qwen3_8b,TOFU,tofu_forget01,forget01,forget01,scratchpad,full_inference,4,4,2,2,1.0,0.5,0.3,45,none,pending
AU003260,stochastic_robustness,qwen3_8b,TOFU,tofu_forget01,forget01,forget01,scratchpad,full_inference,4,4,2,2,1.0,0.5,0.3,46,none,pending
AU003261,stochastic_robustness,qwen3_8b,TOFU,tofu_forget01,forget01,forget01,scratchpad,full_inference,4,4,2,2,1.0,0.5,0.7,42,none,pending
AU003262,stochastic_robustness,qwen3_8b,TOFU,tofu_forget01,forget01,forget01,scratchpad,full_inference,4,4,2,2,1.0,0.5,0.7,43,none,pending
AU003263,stochastic_robustness,qwen3_8b,TOFU,tofu_forget01,forget01,forget01,scratchpad,full_inference,4,4,2,2,1.0,0.5,0.7,44,none,pending
AU003264,stochastic_robustness,qwen3_8b,TOFU,tofu_forget01,forget01,forget01,scratchpad,full_inference,4,4,2,2,1.0,0.5,0.7,45,none,pending
AU003265,stochastic_robustness,qwen3_8b,TOFU,tofu_forget01,forget01,forget01,scratchpad,full_inference,4,4,2,2,1.0,0.5,0.7,46,none,pending
AU003266,stochastic_robustness,qwen3_8b,TOFU,tofu_forget01,forget01,forget01,hierarchical,target_context_memory,4,4,2,2,1.0,0.5,0.3,42,none,pending
AU003267,stochastic_robustness,qwen3_8b,TOFU,tofu_forget01,forget01,forget01,hierarchical,target_context_memory,4,4,2,2,1.0,0.5,0.3,43,none,pending
AU003268,stochastic_robustness,qwen3_8b,TOFU,tofu_forget01,forget01,forget01,hierarchical,target_context_memory,4,4,2,2,1.0,0.5,0.3,44,none,pending
AU003269,stochastic_robustness,qwen3_8b,TOFU,tofu_forget01,forget01,forget01,hierarchical,target_context_memory,4,4,2,2,1.0,0.5,0.3,45,none,pending
AU003270,stochastic_robustness,qwen3_8b,TOFU,tofu_forget01,forget01,forget01,hierarchical,target_context_memory,4,4,2,2,1.0,0.5,0.3,46,none,pending
AU003271,stochastic_robustness,qwen3_8b,TOFU,tofu_forget01,forget01,forget01,hierarchical,target_context_memory,4,4,2,2,1.0,0.5,0.7,42,none,pending
AU003272,stochastic_robustness,qwen3_8b,TOFU,tofu_forget01,forget01,forget01,hierarchical,target_context_memory,4,4,2,2,1.0,0.5,0.7,43,none,pending
AU003273,stochastic_robustness,qwen3_8b,TOFU,tofu_forget01,forget01,forget01,hierarchical,target_context_memory,4,4,2,2,1.0,0.5,0.7,44,none,pending
AU003274,stochastic_robustness,qwen3_8b,TOFU,tofu_forget01,forget01,forget01,hierarchical,target_context_memory,4,4,2,2,1.0,0.5,0.7,45,none,pending
AU003275,stochastic_robustness,qwen3_8b,TOFU,tofu_forget01,forget01,forget01,hierarchical,target_context_memory,4,4,2,2,1.0,0.5,0.7,46,none,pending
AU003276,stochastic_robustness,qwen3_8b,TOFU,tofu_forget01,forget01,forget01,hierarchical,full_inference,4,4,2,2,1.0,0.5,0.3,42,none,pending
AU003277,stochastic_robustness,qwen3_8b,TOFU,tofu_forget01,forget01,forget01,hierarchical,full_inference,4,4,2,2,1.0,0.5,0.3,43,none,pending
AU003278,stochastic_robustness,qwen3_8b,TOFU,tofu_forget01,forget01,forget01,hierarchical,full_inference,4,4,2,2,1.0,0.5,0.3,44,none,pending
AU003279,stochastic_robustness,qwen3_8b,TOFU,tofu_forget01,forget01,forget01,hierarchical,full_inference,4,4,2,2,1.0,0.5,0.3,45,none,pending
AU003280,stochastic_robustness,qwen3_8b,TOFU,tofu_forget01,forget01,forget01,hierarchical,full_inference,4,4,2,2,1.0,0.5,0.3,46,none,pending
AU003281,stochastic_robustness,qwen3_8b,TOFU,tofu_forget01,forget01,forget01,hierarchical,full_inference,4,4,2,2,1.0,0.5,0.7,42,none,pending
AU003282,stochastic_robustness,qwen3_8b,TOFU,tofu_forget01,forget01,forget01,hierarchical,full_inference,4,4,2,2,1.0,0.5,0.7,43,none,pending
AU003283,stochastic_robustness,qwen3_8b,TOFU,tofu_forget01,forget01,forget01,hierarchical,full_inference,4,4,2,2,1.0,0.5,0.7,44,none,pending
AU003284,stochastic_robustness,qwen3_8b,TOFU,tofu_forget01,forget01,forget01,hierarchical,full_inference,4,4,2,2,1.0,0.5,0.7,45,none,pending
AU003285,stochastic_robustness,qwen3_8b,TOFU,tofu_forget01,forget01,forget01,hierarchical,full_inference,4,4,2,2,1.0,0.5,0.7,46,none,pending
AU003286,stochastic_robustness,qwen3_8b,TOFU,tofu_forget05,forget05,forget05,independent,target_context_memory,4,4,2,2,1.0,0.5,0.3,42,none,pending
AU003287,stochastic_robustness,qwen3_8b,TOFU,tofu_forget05,forget05,forget05,independent,target_context_memory,4,4,2,2,1.0,0.5,0.3,43,none,pending
AU003288,stochastic_robustness,qwen3_8b,TOFU,tofu_forget05,forget05,forget05,independent,target_context_memory,4,4,2,2,1.0,0.5,0.3,44,none,pending
AU003289,stochastic_robustness,qwen3_8b,TOFU,tofu_forget05,forget05,forget05,independent,target_context_memory,4,4,2,2,1.0,0.5,0.3,45,none,pending
AU003290,stochastic_robustness,qwen3_8b,TOFU,tofu_forget05,forget05,forget05,independent,target_context_memory,4,4,2,2,1.0,0.5,0.3,46,none,pending
AU003291,stochastic_robustness,qwen3_8b,TOFU,tofu_forget05,forget05,forget05,independent,target_context_memory,4,4,2,2,1.0,0.5,0.7,42,none,pending
AU003292,stochastic_robustness,qwen3_8b,TOFU,tofu_forget05,forget05,forget05,independent,target_context_memory,4,4,2,2,1.0,0.5,0.7,43,none,pending
AU003293,stochastic_robustness,qwen3_8b,TOFU,tofu_forget05,forget05,forget05,independent,target_context_memory,4,4,2,2,1.0,0.5,0.7,44,none,pending
AU003294,stochastic_robustness,qwen3_8b,TOFU,tofu_forget05,forget05,forget05,independent,target_context_memory,4,4,2,2,1.0,0.5,0.7,45,none,pending
AU003295,stochastic_robustness,qwen3_8b,TOFU,tofu_forget05,forget05,forget05,independent,target_context_memory,4,4,2,2,1.0,0.5,0.7,46,none,pending
AU003296,stochastic_robustness,qwen3_8b,TOFU,tofu_forget05,forget05,forget05,independent,full_inference,4,4,2,2,1.0,0.5,0.3,42,none,pending
AU003297,stochastic_robustness,qwen3_8b,TOFU,tofu_forget05,forget05,forget05,independent,full_inference,4,4,2,2,1.0,0.5,0.3,43,none,pending
AU003298,stochastic_robustness,qwen3_8b,TOFU,tofu_forget05,forget05,forget05,independent,full_inference,4,4,2,2,1.0,0.5,0.3,44,none,pending
AU003299,stochastic_robustness,qwen3_8b,TOFU,tofu_forget05,forget05,forget05,independent,full_inference,4,4,2,2,1.0,0.5,0.3,45,none,pending
AU003300,stochastic_robustness,qwen3_8b,TOFU,tofu_forget05,forget05,forget05,independent,full_inference,4,4,2,2,1.0,0.5,0.3,46,none,pending
AU003301,stochastic_robustness,qwen3_8b,TOFU,tofu_forget05,forget05,forget05,independent,full_inference,4,4,2,2,1.0,0.5,0.7,42,none,pending
AU003302,stochastic_robustness,qwen3_8b,TOFU,tofu_forget05,forget05,forget05,independent,full_inference,4,4,2,2,1.0,0.5,0.7,43,none,pending
AU003303,stochastic_robustness,qwen3_8b,TOFU,tofu_forget05,forget05,forget05,independent,full_inference,4,4,2,2,1.0,0.5,0.7,44,none,pending
AU003304,stochastic_robustness,qwen3_8b,TOFU,tofu_forget05,forget05,forget05,independent,full_inference,4,4,2,2,1.0,0.5,0.7,45,none,pending
AU003305,stochastic_robustness,qwen3_8b,TOFU,tofu_forget05,forget05,forget05,independent,full_inference,4,4,2,2,1.0,0.5,0.7,46,none,pending
AU003306,stochastic_robustness,qwen3_8b,TOFU,tofu_forget05,forget05,forget05,sequential,target_context_memory,4,4,2,2,1.0,0.5,0.3,42,none,pending
AU003307,stochastic_robustness,qwen3_8b,TOFU,tofu_forget05,forget05,forget05,sequential,target_context_memory,4,4,2,2,1.0,0.5,0.3,43,none,pending
AU003308,stochastic_robustness,qwen3_8b,TOFU,tofu_forget05,forget05,forget05,sequential,target_context_memory,4,4,2,2,1.0,0.5,0.3,44,none,pending
AU003309,stochastic_robustness,qwen3_8b,TOFU,tofu_forget05,forget05,forget05,sequential,target_context_memory,4,4,2,2,1.0,0.5,0.3,45,none,pending
AU003310,stochastic_robustness,qwen3_8b,TOFU,tofu_forget05,forget05,forget05,sequential,target_context_memory,4,4,2,2,1.0,0.5,0.3,46,none,pending
AU003311,stochastic_robustness,qwen3_8b,TOFU,tofu_forget05,forget05,forget05,sequential,target_context_memory,4,4,2,2,1.0,0.5,0.7,42,none,pending
AU003312,stochastic_robustness,qwen3_8b,TOFU,tofu_forget05,forget05,forget05,sequential,target_context_memory,4,4,2,2,1.0,0.5,0.7,43,none,pending
AU003313,stochastic_robustness,qwen3_8b,TOFU,tofu_forget05,forget05,forget05,sequential,target_context_memory,4,4,2,2,1.0,0.5,0.7,44,none,pending
AU003314,stochastic_robustness,qwen3_8b,TOFU,tofu_forget05,forget05,forget05,sequential,target_context_memory,4,4,2,2,1.0,0.5,0.7,45,none,pending
AU003315,stochastic_robustness,qwen3_8b,TOFU,tofu_forget05,forget05,forget05,sequential,target_context_memory,4,4,2,2,1.0,0.5,0.7,46,none,pending
AU003316,stochastic_robustness,qwen3_8b,TOFU,tofu_forget05,forget05,forget05,sequential,full_inference,4,4,2,2,1.0,0.5,0.3,42,none,pending
AU003317,stochastic_robustness,qwen3_8b,TOFU,tofu_forget05,forget05,forget05,sequential,full_inference,4,4,2,2,1.0,0.5,0.3,43,none,pending
AU003318,stochastic_robustness,qwen3_8b,TOFU,tofu_forget05,forget05,forget05,sequential,full_inference,4,4,2,2,1.0,0.5,0.3,44,none,pending
AU003319,stochastic_robustness,qwen3_8b,TOFU,tofu_forget05,forget05,forget05,sequential,full_inference,4,4,2,2,1.0,0.5,0.3,45,none,pending
AU003320,stochastic_robustness,qwen3_8b,TOFU,tofu_forget05,forget05,forget05,sequential,full_inference,4,4,2,2,1.0,0.5,0.3,46,none,pending
AU003321,stochastic_robustness,qwen3_8b,TOFU,tofu_forget05,forget05,forget05,sequential,full_inference,4,4,2,2,1.0,0.5,0.7,42,none,pending
AU003322,stochastic_robustness,qwen3_8b,TOFU,tofu_forget05,forget05,forget05,sequential,full_inference,4,4,2,2,1.0,0.5,0.7,43,none,pending
AU003323,stochastic_robustness,qwen3_8b,TOFU,tofu_forget05,forget05,forget05,sequential,full_inference,4,4,2,2,1.0,0.5,0.7,44,none,pending
AU003324,stochastic_robustness,qwen3_8b,TOFU,tofu_forget05,forget05,forget05,sequential,full_inference,4,4,2,2,1.0,0.5,0.7,45,none,pending
AU003325,stochastic_robustness,qwen3_8b,TOFU,tofu_forget05,forget05,forget05,sequential,full_inference,4,4,2,2,1.0,0.5,0.7,46,none,pending
AU003326,stochastic_robustness,qwen3_8b,TOFU,tofu_forget05,forget05,forget05,debate,target_context_memory,4,4,2,2,1.0,0.5,0.3,42,none,pending
AU003327,stochastic_robustness,qwen3_8b,TOFU,tofu_forget05,forget05,forget05,debate,target_context_memory,4,4,2,2,1.0,0.5,0.3,43,none,pending
AU003328,stochastic_robustness,qwen3_8b,TOFU,tofu_forget05,forget05,forget05,debate,target_context_memory,4,4,2,2,1.0,0.5,0.3,44,none,pending
AU003329,stochastic_robustness,qwen3_8b,TOFU,tofu_forget05,forget05,forget05,debate,target_context_memory,4,4,2,2,1.0,0.5,0.3,45,none,pending
AU003330,stochastic_robustness,qwen3_8b,TOFU,tofu_forget05,forget05,forget05,debate,target_context_memory,4,4,2,2,1.0,0.5,0.3,46,none,pending
AU003331,stochastic_robustness,qwen3_8b,TOFU,tofu_forget05,forget05,forget05,debate,target_context_memory,4,4,2,2,1.0,0.5,0.7,42,none,pending
AU003332,stochastic_robustness,qwen3_8b,TOFU,tofu_forget05,forget05,forget05,debate,target_context_memory,4,4,2,2,1.0,0.5,0.7,43,none,pending
AU003333,stochastic_robustness,qwen3_8b,TOFU,tofu_forget05,forget05,forget05,debate,target_context_memory,4,4,2,2,1.0,0.5,0.7,44,none,pending
AU003334,stochastic_robustness,qwen3_8b,TOFU,tofu_forget05,forget05,forget05,debate,target_context_memory,4,4,2,2,1.0,0.5,0.7,45,none,pending
AU003335,stochastic_robustness,qwen3_8b,TOFU,tofu_forget05,forget05,forget05,debate,target_context_memory,4,4,2,2,1.0,0.5,0.7,46,none,pending
AU003336,stochastic_robustness,qwen3_8b,TOFU,tofu_forget05,forget05,forget05,debate,full_inference,4,4,2,2,1.0,0.5,0.3,42,none,pending
AU003337,stochastic_robustness,qwen3_8b,TOFU,tofu_forget05,forget05,forget05,debate,full_inference,4,4,2,2,1.0,0.5,0.3,43,none,pending
AU003338,stochastic_robustness,qwen3_8b,TOFU,tofu_forget05,forget05,forget05,debate,full_inference,4,4,2,2,1.0,0.5,0.3,44,none,pending
AU003339,stochastic_robustness,qwen3_8b,TOFU,tofu_forget05,forget05,forget05,debate,full_inference,4,4,2,2,1.0,0.5,0.3,45,none,pending
AU003340,stochastic_robustness,qwen3_8b,TOFU,tofu_forget05,forget05,forget05,debate,full_inference,4,4,2,2,1.0,0.5,0.3,46,none,pending
AU003341,stochastic_robustness,qwen3_8b,TOFU,tofu_forget05,forget05,forget05,debate,full_inference,4,4,2,2,1.0,0.5,0.7,42,none,pending
AU003342,stochastic_robustness,qwen3_8b,TOFU,tofu_forget05,forget05,forget05,debate,full_inference,4,4,2,2,1.0,0.5,0.7,43,none,pending
AU003343,stochastic_robustness,qwen3_8b,TOFU,tofu_forget05,forget05,forget05,debate,full_inference,4,4,2,2,1.0,0.5,0.7,44,none,pending
AU003344,stochastic_robustness,qwen3_8b,TOFU,tofu_forget05,forget05,forget05,debate,full_inference,4,4,2,2,1.0,0.5,0.7,45,none,pending
AU003345,stochastic_robustness,qwen3_8b,TOFU,tofu_forget05,forget05,forget05,debate,full_inference,4,4,2,2,1.0,0.5,0.7,46,none,pending
AU003346,stochastic_robustness,qwen3_8b,TOFU,tofu_forget05,forget05,forget05,scratchpad,target_context_memory,4,4,2,2,1.0,0.5,0.3,42,none,pending
AU003347,stochastic_robustness,qwen3_8b,TOFU,tofu_forget05,forget05,forget05,scratchpad,target_context_memory,4,4,2,2,1.0,0.5,0.3,43,none,pending
AU003348,stochastic_robustness,qwen3_8b,TOFU,tofu_forget05,forget05,forget05,scratchpad,target_context_memory,4,4,2,2,1.0,0.5,0.3,44,none,pending
AU003349,stochastic_robustness,qwen3_8b,TOFU,tofu_forget05,forget05,forget05,scratchpad,target_context_memory,4,4,2,2,1.0,0.5,0.3,45,none,pending
AU003350,stochastic_robustness,qwen3_8b,TOFU,tofu_forget05,forget05,forget05,scratchpad,target_context_memory,4,4,2,2,1.0,0.5,0.3,46,none,pending
AU003351,stochastic_robustness,qwen3_8b,TOFU,tofu_forget05,forget05,forget05,scratchpad,target_context_memory,4,4,2,2,1.0,0.5,0.7,42,none,pending
AU003352,stochastic_robustness,qwen3_8b,TOFU,tofu_forget05,forget05,forget05,scratchpad,target_context_memory,4,4,2,2,1.0,0.5,0.7,43,none,pending
AU003353,stochastic_robustness,qwen3_8b,TOFU,tofu_forget05,forget05,forget05,scratchpad,target_context_memory,4,4,2,2,1.0,0.5,0.7,44,none,pending
AU003354,stochastic_robustness,qwen3_8b,TOFU,tofu_forget05,forget05,forget05,scratchpad,target_context_memory,4,4,2,2,1.0,0.5,0.7,45,none,pending
AU003355,stochastic_robustness,qwen3_8b,TOFU,tofu_forget05,forget05,forget05,scratchpad,target_context_memory,4,4,2,2,1.0,0.5,0.7,46,none,pending
AU003356,stochastic_robustness,qwen3_8b,TOFU,tofu_forget05,forget05,forget05,scratchpad,full_inference,4,4,2,2,1.0,0.5,0.3,42,none,pending
AU003357,stochastic_robustness,qwen3_8b,TOFU,tofu_forget05,forget05,forget05,scratchpad,full_inference,4,4,2,2,1.0,0.5,0.3,43,none,pending
AU003358,stochastic_robustness,qwen3_8b,TOFU,tofu_forget05,forget05,forget05,scratchpad,full_inference,4,4,2,2,1.0,0.5,0.3,44,none,pending
AU003359,stochastic_robustness,qwen3_8b,TOFU,tofu_forget05,forget05,forget05,scratchpad,full_inference,4,4,2,2,1.0,0.5,0.3,45,none,pending
AU003360,stochastic_robustness,qwen3_8b,TOFU,tofu_forget05,forget05,forget05,scratchpad,full_inference,4,4,2,2,1.0,0.5,0.3,46,none,pending
AU003361,stochastic_robustness,qwen3_8b,TOFU,tofu_forget05,forget05,forget05,scratchpad,full_inference,4,4,2,2,1.0,0.5,0.7,42,none,pending
AU003362,stochastic_robustness,qwen3_8b,TOFU,tofu_forget05,forget05,forget05,scratchpad,full_inference,4,4,2,2,1.0,0.5,0.7,43,none,pending
AU003363,stochastic_robustness,qwen3_8b,TOFU,tofu_forget05,forget05,forget05,scratchpad,full_inference,4,4,2,2,1.0,0.5,0.7,44,none,pending
AU003364,stochastic_robustness,qwen3_8b,TOFU,tofu_forget05,forget05,forget05,scratchpad,full_inference,4,4,2,2,1.0,0.5,0.7,45,none,pending
AU003365,stochastic_robustness,qwen3_8b,TOFU,tofu_forget05,forget05,forget05,scratchpad,full_inference,4,4,2,2,1.0,0.5,0.7,46,none,pending
AU003366,stochastic_robustness,qwen3_8b,TOFU,tofu_forget05,forget05,forget05,hierarchical,target_context_memory,4,4,2,2,1.0,0.5,0.3,42,none,pending
AU003367,stochastic_robustness,qwen3_8b,TOFU,tofu_forget05,forget05,forget05,hierarchical,target_context_memory,4,4,2,2,1.0,0.5,0.3,43,none,pending
AU003368,stochastic_robustness,qwen3_8b,TOFU,tofu_forget05,forget05,forget05,hierarchical,target_context_memory,4,4,2,2,1.0,0.5,0.3,44,none,pending
AU003369,stochastic_robustness,qwen3_8b,TOFU,tofu_forget05,forget05,forget05,hierarchical,target_context_memory,4,4,2,2,1.0,0.5,0.3,45,none,pending
AU003370,stochastic_robustness,qwen3_8b,TOFU,tofu_forget05,forget05,forget05,hierarchical,target_context_memory,4,4,2,2,1.0,0.5,0.3,46,none,pending
AU003371,stochastic_robustness,qwen3_8b,TOFU,tofu_forget05,forget05,forget05,hierarchical,target_context_memory,4,4,2,2,1.0,0.5,0.7,42,none,pending
AU003372,stochastic_robustness,qwen3_8b,TOFU,tofu_forget05,forget05,forget05,hierarchical,target_context_memory,4,4,2,2,1.0,0.5,0.7,43,none,pending
AU003373,stochastic_robustness,qwen3_8b,TOFU,tofu_forget05,forget05,forget05,hierarchical,target_context_memory,4,4,2,2,1.0,0.5,0.7,44,none,pending
AU003374,stochastic_robustness,qwen3_8b,TOFU,tofu_forget05,forget05,forget05,hierarchical,target_context_memory,4,4,2,2,1.0,0.5,0.7,45,none,pending
AU003375,stochastic_robustness,qwen3_8b,TOFU,tofu_forget05,forget05,forget05,hierarchical,target_context_memory,4,4,2,2,1.0,0.5,0.7,46,none,pending
AU003376,stochastic_robustness,qwen3_8b,TOFU,tofu_forget05,forget05,forget05,hierarchical,full_inference,4,4,2,2,1.0,0.5,0.3,42,none,pending
AU003377,stochastic_robustness,qwen3_8b,TOFU,tofu_forget05,forget05,forget05,hierarchical,full_inference,4,4,2,2,1.0,0.5,0.3,43,none,pending
AU003378,stochastic_robustness,qwen3_8b,TOFU,tofu_forget05,forget05,forget05,hierarchical,full_inference,4,4,2,2,1.0,0.5,0.3,44,none,pending
AU003379,stochastic_robustness,qwen3_8b,TOFU,tofu_forget05,forget05,forget05,hierarchical,full_inference,4,4,2,2,1.0,0.5,0.3,45,none,pending
AU003380,stochastic_robustness,qwen3_8b,TOFU,tofu_forget05,forget05,forget05,hierarchical,full_inference,4,4,2,2,1.0,0.5,0.3,46,none,pending
AU003381,stochastic_robustness,qwen3_8b,TOFU,tofu_forget05,forget05,forget05,hierarchical,full_inference,4,4,2,2,1.0,0.5,0.7,42,none,pending
AU003382,stochastic_robustness,qwen3_8b,TOFU,tofu_forget05,forget05,forget05,hierarchical,full_inference,4,4,2,2,1.0,0.5,0.7,43,none,pending
AU003383,stochastic_robustness,qwen3_8b,TOFU,tofu_forget05,forget05,forget05,hierarchical,full_inference,4,4,2,2,1.0,0.5,0.7,44,none,pending
AU003384,stochastic_robustness,qwen3_8b,TOFU,tofu_forget05,forget05,forget05,hierarchical,full_inference,4,4,2,2,1.0,0.5,0.7,45,none,pending
AU003385,stochastic_robustness,qwen3_8b,TOFU,tofu_forget05,forget05,forget05,hierarchical,full_inference,4,4,2,2,1.0,0.5,0.7,46,none,pending
AU003386,stochastic_robustness,qwen3_8b,TOFU,tofu_forget10,forget10,forget10,independent,target_context_memory,4,4,2,2,1.0,0.5,0.3,42,none,pending
AU003387,stochastic_robustness,qwen3_8b,TOFU,tofu_forget10,forget10,forget10,independent,target_context_memory,4,4,2,2,1.0,0.5,0.3,43,none,pending
AU003388,stochastic_robustness,qwen3_8b,TOFU,tofu_forget10,forget10,forget10,independent,target_context_memory,4,4,2,2,1.0,0.5,0.3,44,none,pending
AU003389,stochastic_robustness,qwen3_8b,TOFU,tofu_forget10,forget10,forget10,independent,target_context_memory,4,4,2,2,1.0,0.5,0.3,45,none,pending
AU003390,stochastic_robustness,qwen3_8b,TOFU,tofu_forget10,forget10,forget10,independent,target_context_memory,4,4,2,2,1.0,0.5,0.3,46,none,pending
AU003391,stochastic_robustness,qwen3_8b,TOFU,tofu_forget10,forget10,forget10,independent,target_context_memory,4,4,2,2,1.0,0.5,0.7,42,none,pending
AU003392,stochastic_robustness,qwen3_8b,TOFU,tofu_forget10,forget10,forget10,independent,target_context_memory,4,4,2,2,1.0,0.5,0.7,43,none,pending
AU003393,stochastic_robustness,qwen3_8b,TOFU,tofu_forget10,forget10,forget10,independent,target_context_memory,4,4,2,2,1.0,0.5,0.7,44,none,pending
AU003394,stochastic_robustness,qwen3_8b,TOFU,tofu_forget10,forget10,forget10,independent,target_context_memory,4,4,2,2,1.0,0.5,0.7,45,none,pending
AU003395,stochastic_robustness,qwen3_8b,TOFU,tofu_forget10,forget10,forget10,independent,target_context_memory,4,4,2,2,1.0,0.5,0.7,46,none,pending
AU003396,stochastic_robustness,qwen3_8b,TOFU,tofu_forget10,forget10,forget10,independent,full_inference,4,4,2,2,1.0,0.5,0.3,42,none,pending
AU003397,stochastic_robustness,qwen3_8b,TOFU,tofu_forget10,forget10,forget10,independent,full_inference,4,4,2,2,1.0,0.5,0.3,43,none,pending
AU003398,stochastic_robustness,qwen3_8b,TOFU,tofu_forget10,forget10,forget10,independent,full_inference,4,4,2,2,1.0,0.5,0.3,44,none,pending
AU003399,stochastic_robustness,qwen3_8b,TOFU,tofu_forget10,forget10,forget10,independent,full_inference,4,4,2,2,1.0,0.5,0.3,45,none,pending
AU003400,stochastic_robustness,qwen3_8b,TOFU,tofu_forget10,forget10,forget10,independent,full_inference,4,4,2,2,1.0,0.5,0.3,46,none,pending
AU003401,stochastic_robustness,qwen3_8b,TOFU,tofu_forget10,forget10,forget10,independent,full_inference,4,4,2,2,1.0,0.5,0.7,42,none,pending
AU003402,stochastic_robustness,qwen3_8b,TOFU,tofu_forget10,forget10,forget10,independent,full_inference,4,4,2,2,1.0,0.5,0.7,43,none,pending
AU003403,stochastic_robustness,qwen3_8b,TOFU,tofu_forget10,forget10,forget10,independent,full_inference,4,4,2,2,1.0,0.5,0.7,44,none,pending
AU003404,stochastic_robustness,qwen3_8b,TOFU,tofu_forget10,forget10,forget10,independent,full_inference,4,4,2,2,1.0,0.5,0.7,45,none,pending
AU003405,stochastic_robustness,qwen3_8b,TOFU,tofu_forget10,forget10,forget10,independent,full_inference,4,4,2,2,1.0,0.5,0.7,46,none,pending
AU003406,stochastic_robustness,qwen3_8b,TOFU,tofu_forget10,forget10,forget10,sequential,target_context_memory,4,4,2,2,1.0,0.5,0.3,42,none,pending
AU003407,stochastic_robustness,qwen3_8b,TOFU,tofu_forget10,forget10,forget10,sequential,target_context_memory,4,4,2,2,1.0,0.5,0.3,43,none,pending
AU003408,stochastic_robustness,qwen3_8b,TOFU,tofu_forget10,forget10,forget10,sequential,target_context_memory,4,4,2,2,1.0,0.5,0.3,44,none,pending
AU003409,stochastic_robustness,qwen3_8b,TOFU,tofu_forget10,forget10,forget10,sequential,target_context_memory,4,4,2,2,1.0,0.5,0.3,45,none,pending
AU003410,stochastic_robustness,qwen3_8b,TOFU,tofu_forget10,forget10,forget10,sequential,target_context_memory,4,4,2,2,1.0,0.5,0.3,46,none,pending
AU003411,stochastic_robustness,qwen3_8b,TOFU,tofu_forget10,forget10,forget10,sequential,target_context_memory,4,4,2,2,1.0,0.5,0.7,42,none,pending
AU003412,stochastic_robustness,qwen3_8b,TOFU,tofu_forget10,forget10,forget10,sequential,target_context_memory,4,4,2,2,1.0,0.5,0.7,43,none,pending
AU003413,stochastic_robustness,qwen3_8b,TOFU,tofu_forget10,forget10,forget10,sequential,target_context_memory,4,4,2,2,1.0,0.5,0.7,44,none,pending
AU003414,stochastic_robustness,qwen3_8b,TOFU,tofu_forget10,forget10,forget10,sequential,target_context_memory,4,4,2,2,1.0,0.5,0.7,45,none,pending
AU003415,stochastic_robustness,qwen3_8b,TOFU,tofu_forget10,forget10,forget10,sequential,target_context_memory,4,4,2,2,1.0,0.5,0.7,46,none,pending
AU003416,stochastic_robustness,qwen3_8b,TOFU,tofu_forget10,forget10,forget10,sequential,full_inference,4,4,2,2,1.0,0.5,0.3,42,none,pending
AU003417,stochastic_robustness,qwen3_8b,TOFU,tofu_forget10,forget10,forget10,sequential,full_inference,4,4,2,2,1.0,0.5,0.3,43,none,pending
AU003418,stochastic_robustness,qwen3_8b,TOFU,tofu_forget10,forget10,forget10,sequential,full_inference,4,4,2,2,1.0,0.5,0.3,44,none,pending
AU003419,stochastic_robustness,qwen3_8b,TOFU,tofu_forget10,forget10,forget10,sequential,full_inference,4,4,2,2,1.0,0.5,0.3,45,none,pending
AU003420,stochastic_robustness,qwen3_8b,TOFU,tofu_forget10,forget10,forget10,sequential,full_inference,4,4,2,2,1.0,0.5,0.3,46,none,pending
AU003421,stochastic_robustness,qwen3_8b,TOFU,tofu_forget10,forget10,forget10,sequential,full_inference,4,4,2,2,1.0,0.5,0.7,42,none,pending
AU003422,stochastic_robustness,qwen3_8b,TOFU,tofu_forget10,forget10,forget10,sequential,full_inference,4,4,2,2,1.0,0.5,0.7,43,none,pending
AU003423,stochastic_robustness,qwen3_8b,TOFU,tofu_forget10,forget10,forget10,sequential,full_inference,4,4,2,2,1.0,0.5,0.7,44,none,pending
AU003424,stochastic_robustness,qwen3_8b,TOFU,tofu_forget10,forget10,forget10,sequential,full_inference,4,4,2,2,1.0,0.5,0.7,45,none,pending
AU003425,stochastic_robustness,qwen3_8b,TOFU,tofu_forget10,forget10,forget10,sequential,full_inference,4,4,2,2,1.0,0.5,0.7,46,none,pending
AU003426,stochastic_robustness,qwen3_8b,TOFU,tofu_forget10,forget10,forget10,debate,target_context_memory,4,4,2,2,1.0,0.5,0.3,42,none,pending
AU003427,stochastic_robustness,qwen3_8b,TOFU,tofu_forget10,forget10,forget10,debate,target_context_memory,4,4,2,2,1.0,0.5,0.3,43,none,pending
AU003428,stochastic_robustness,qwen3_8b,TOFU,tofu_forget10,forget10,forget10,debate,target_context_memory,4,4,2,2,1.0,0.5,0.3,44,none,pending
AU003429,stochastic_robustness,qwen3_8b,TOFU,tofu_forget10,forget10,forget10,debate,target_context_memory,4,4,2,2,1.0,0.5,0.3,45,none,pending
AU003430,stochastic_robustness,qwen3_8b,TOFU,tofu_forget10,forget10,forget10,debate,target_context_memory,4,4,2,2,1.0,0.5,0.3,46,none,pending
AU003431,stochastic_robustness,qwen3_8b,TOFU,tofu_forget10,forget10,forget10,debate,target_context_memory,4,4,2,2,1.0,0.5,0.7,42,none,pending
AU003432,stochastic_robustness,qwen3_8b,TOFU,tofu_forget10,forget10,forget10,debate,target_context_memory,4,4,2,2,1.0,0.5,0.7,43,none,pending
AU003433,stochastic_robustness,qwen3_8b,TOFU,tofu_forget10,forget10,forget10,debate,target_context_memory,4,4,2,2,1.0,0.5,0.7,44,none,pending
AU003434,stochastic_robustness,qwen3_8b,TOFU,tofu_forget10,forget10,forget10,debate,target_context_memory,4,4,2,2,1.0,0.5,0.7,45,none,pending
AU003435,stochastic_robustness,qwen3_8b,TOFU,tofu_forget10,forget10,forget10,debate,target_context_memory,4,4,2,2,1.0,0.5,0.7,46,none,pending
AU003436,stochastic_robustness,qwen3_8b,TOFU,tofu_forget10,forget10,forget10,debate,full_inference,4,4,2,2,1.0,0.5,0.3,42,none,pending
AU003437,stochastic_robustness,qwen3_8b,TOFU,tofu_forget10,forget10,forget10,debate,full_inference,4,4,2,2,1.0,0.5,0.3,43,none,pending
AU003438,stochastic_robustness,qwen3_8b,TOFU,tofu_forget10,forget10,forget10,debate,full_inference,4,4,2,2,1.0,0.5,0.3,44,none,pending
AU003439,stochastic_robustness,qwen3_8b,TOFU,tofu_forget10,forget10,forget10,debate,full_inference,4,4,2,2,1.0,0.5,0.3,45,none,pending
AU003440,stochastic_robustness,qwen3_8b,TOFU,tofu_forget10,forget10,forget10,debate,full_inference,4,4,2,2,1.0,0.5,0.3,46,none,pending
AU003441,stochastic_robustness,qwen3_8b,TOFU,tofu_forget10,forget10,forget10,debate,full_inference,4,4,2,2,1.0,0.5,0.7,42,none,pending
AU003442,stochastic_robustness,qwen3_8b,TOFU,tofu_forget10,forget10,forget10,debate,full_inference,4,4,2,2,1.0,0.5,0.7,43,none,pending
AU003443,stochastic_robustness,qwen3_8b,TOFU,tofu_forget10,forget10,forget10,debate,full_inference,4,4,2,2,1.0,0.5,0.7,44,none,pending
AU003444,stochastic_robustness,qwen3_8b,TOFU,tofu_forget10,forget10,forget10,debate,full_inference,4,4,2,2,1.0,0.5,0.7,45,none,pending
AU003445,stochastic_robustness,qwen3_8b,TOFU,tofu_forget10,forget10,forget10,debate,full_inference,4,4,2,2,1.0,0.5,0.7,46,none,pending
AU003446,stochastic_robustness,qwen3_8b,TOFU,tofu_forget10,forget10,forget10,scratchpad,target_context_memory,4,4,2,2,1.0,0.5,0.3,42,none,pending
AU003447,stochastic_robustness,qwen3_8b,TOFU,tofu_forget10,forget10,forget10,scratchpad,target_context_memory,4,4,2,2,1.0,0.5,0.3,43,none,pending
AU003448,stochastic_robustness,qwen3_8b,TOFU,tofu_forget10,forget10,forget10,scratchpad,target_context_memory,4,4,2,2,1.0,0.5,0.3,44,none,pending
AU003449,stochastic_robustness,qwen3_8b,TOFU,tofu_forget10,forget10,forget10,scratchpad,target_context_memory,4,4,2,2,1.0,0.5,0.3,45,none,pending
AU003450,stochastic_robustness,qwen3_8b,TOFU,tofu_forget10,forget10,forget10,scratchpad,target_context_memory,4,4,2,2,1.0,0.5,0.3,46,none,pending
AU003451,stochastic_robustness,qwen3_8b,TOFU,tofu_forget10,forget10,forget10,scratchpad,target_context_memory,4,4,2,2,1.0,0.5,0.7,42,none,pending
AU003452,stochastic_robustness,qwen3_8b,TOFU,tofu_forget10,forget10,forget10,scratchpad,target_context_memory,4,4,2,2,1.0,0.5,0.7,43,none,pending
AU003453,stochastic_robustness,qwen3_8b,TOFU,tofu_forget10,forget10,forget10,scratchpad,target_context_memory,4,4,2,2,1.0,0.5,0.7,44,none,pending
AU003454,stochastic_robustness,qwen3_8b,TOFU,tofu_forget10,forget10,forget10,scratchpad,target_context_memory,4,4,2,2,1.0,0.5,0.7,45,none,pending
AU003455,stochastic_robustness,qwen3_8b,TOFU,tofu_forget10,forget10,forget10,scratchpad,target_context_memory,4,4,2,2,1.0,0.5,0.7,46,none,pending
AU003456,stochastic_robustness,qwen3_8b,TOFU,tofu_forget10,forget10,forget10,scratchpad,full_inference,4,4,2,2,1.0,0.5,0.3,42,none,pending
AU003457,stochastic_robustness,qwen3_8b,TOFU,tofu_forget10,forget10,forget10,scratchpad,full_inference,4,4,2,2,1.0,0.5,0.3,43,none,pending
AU003458,stochastic_robustness,qwen3_8b,TOFU,tofu_forget10,forget10,forget10,scratchpad,full_inference,4,4,2,2,1.0,0.5,0.3,44,none,pending
AU003459,stochastic_robustness,qwen3_8b,TOFU,tofu_forget10,forget10,forget10,scratchpad,full_inference,4,4,2,2,1.0,0.5,0.3,45,none,pending
AU003460,stochastic_robustness,qwen3_8b,TOFU,tofu_forget10,forget10,forget10,scratchpad,full_inference,4,4,2,2,1.0,0.5,0.3,46,none,pending
AU003461,stochastic_robustness,qwen3_8b,TOFU,tofu_forget10,forget10,forget10,scratchpad,full_inference,4,4,2,2,1.0,0.5,0.7,42,none,pending
AU003462,stochastic_robustness,qwen3_8b,TOFU,tofu_forget10,forget10,forget10,scratchpad,full_inference,4,4,2,2,1.0,0.5,0.7,43,none,pending
AU003463,stochastic_robustness,qwen3_8b,TOFU,tofu_forget10,forget10,forget10,scratchpad,full_inference,4,4,2,2,1.0,0.5,0.7,44,none,pending
AU003464,stochastic_robustness,qwen3_8b,TOFU,tofu_forget10,forget10,forget10,scratchpad,full_inference,4,4,2,2,1.0,0.5,0.7,45,none,pending
AU003465,stochastic_robustness,qwen3_8b,TOFU,tofu_forget10,forget10,forget10,scratchpad,full_inference,4,4,2,2,1.0,0.5,0.7,46,none,pending
AU003466,stochastic_robustness,qwen3_8b,TOFU,tofu_forget10,forget10,forget10,hierarchical,target_context_memory,4,4,2,2,1.0,0.5,0.3,42,none,pending
AU003467,stochastic_robustness,qwen3_8b,TOFU,tofu_forget10,forget10,forget10,hierarchical,target_context_memory,4,4,2,2,1.0,0.5,0.3,43,none,pending
AU003468,stochastic_robustness,qwen3_8b,TOFU,tofu_forget10,forget10,forget10,hierarchical,target_context_memory,4,4,2,2,1.0,0.5,0.3,44,none,pending
AU003469,stochastic_robustness,qwen3_8b,TOFU,tofu_forget10,forget10,forget10,hierarchical,target_context_memory,4,4,2,2,1.0,0.5,0.3,45,none,pending
AU003470,stochastic_robustness,qwen3_8b,TOFU,tofu_forget10,forget10,forget10,hierarchical,target_context_memory,4,4,2,2,1.0,0.5,0.3,46,none,pending
AU003471,stochastic_robustness,qwen3_8b,TOFU,tofu_forget10,forget10,forget10,hierarchical,target_context_memory,4,4,2,2,1.0,0.5,0.7,42,none,pending
AU003472,stochastic_robustness,qwen3_8b,TOFU,tofu_forget10,forget10,forget10,hierarchical,target_context_memory,4,4,2,2,1.0,0.5,0.7,43,none,pending
AU003473,stochastic_robustness,qwen3_8b,TOFU,tofu_forget10,forget10,forget10,hierarchical,target_context_memory,4,4,2,2,1.0,0.5,0.7,44,none,pending
AU003474,stochastic_robustness,qwen3_8b,TOFU,tofu_forget10,forget10,forget10,hierarchical,target_context_memory,4,4,2,2,1.0,0.5,0.7,45,none,pending
AU003475,stochastic_robustness,qwen3_8b,TOFU,tofu_forget10,forget10,forget10,hierarchical,target_context_memory,4,4,2,2,1.0,0.5,0.7,46,none,pending
AU003476,stochastic_robustness,qwen3_8b,TOFU,tofu_forget10,forget10,forget10,hierarchical,full_inference,4,4,2,2,1.0,0.5,0.3,42,none,pending
AU003477,stochastic_robustness,qwen3_8b,TOFU,tofu_forget10,forget10,forget10,hierarchical,full_inference,4,4,2,2,1.0,0.5,0.3,43,none,pending
AU003478,stochastic_robustness,qwen3_8b,TOFU,tofu_forget10,forget10,forget10,hierarchical,full_inference,4,4,2,2,1.0,0.5,0.3,44,none,pending
AU003479,stochastic_robustness,qwen3_8b,TOFU,tofu_forget10,forget10,forget10,hierarchical,full_inference,4,4,2,2,1.0,0.5,0.3,45,none,pending
AU003480,stochastic_robustness,qwen3_8b,TOFU,tofu_forget10,forget10,forget10,hierarchical,full_inference,4,4,2,2,1.0,0.5,0.3,46,none,pending
AU003481,stochastic_robustness,qwen3_8b,TOFU,tofu_forget10,forget10,forget10,hierarchical,full_inference,4,4,2,2,1.0,0.5,0.7,42,none,pending
AU003482,stochastic_robustness,qwen3_8b,TOFU,tofu_forget10,forget10,forget10,hierarchical,full_inference,4,4,2,2,1.0,0.5,0.7,43,none,pending
AU003483,stochastic_robustness,qwen3_8b,TOFU,tofu_forget10,forget10,forget10,hierarchical,full_inference,4,4,2,2,1.0,0.5,0.7,44,none,pending
AU003484,stochastic_robustness,qwen3_8b,TOFU,tofu_forget10,forget10,forget10,hierarchical,full_inference,4,4,2,2,1.0,0.5,0.7,45,none,pending
AU003485,stochastic_robustness,qwen3_8b,TOFU,tofu_forget10,forget10,forget10,hierarchical,full_inference,4,4,2,2,1.0,0.5,0.7,46,none,pending
AU003486,stochastic_robustness,qwen3_8b,MUSE-News,muse_news,news,MUSE News,independent,target_context_memory,4,4,2,2,1.0,0.5,0.3,42,none,pending
AU003487,stochastic_robustness,qwen3_8b,MUSE-News,muse_news,news,MUSE News,independent,target_context_memory,4,4,2,2,1.0,0.5,0.3,43,none,pending
AU003488,stochastic_robustness,qwen3_8b,MUSE-News,muse_news,news,MUSE News,independent,target_context_memory,4,4,2,2,1.0,0.5,0.3,44,none,pending
AU003489,stochastic_robustness,qwen3_8b,MUSE-News,muse_news,news,MUSE News,independent,target_context_memory,4,4,2,2,1.0,0.5,0.3,45,none,pending
AU003490,stochastic_robustness,qwen3_8b,MUSE-News,muse_news,news,MUSE News,independent,target_context_memory,4,4,2,2,1.0,0.5,0.3,46,none,pending
AU003491,stochastic_robustness,qwen3_8b,MUSE-News,muse_news,news,MUSE News,independent,target_context_memory,4,4,2,2,1.0,0.5,0.7,42,none,pending
AU003492,stochastic_robustness,qwen3_8b,MUSE-News,muse_news,news,MUSE News,independent,target_context_memory,4,4,2,2,1.0,0.5,0.7,43,none,pending
AU003493,stochastic_robustness,qwen3_8b,MUSE-News,muse_news,news,MUSE News,independent,target_context_memory,4,4,2,2,1.0,0.5,0.7,44,none,pending
AU003494,stochastic_robustness,qwen3_8b,MUSE-News,muse_news,news,MUSE News,independent,target_context_memory,4,4,2,2,1.0,0.5,0.7,45,none,pending
AU003495,stochastic_robustness,qwen3_8b,MUSE-News,muse_news,news,MUSE News,independent,target_context_memory,4,4,2,2,1.0,0.5,0.7,46,none,pending
AU003496,stochastic_robustness,qwen3_8b,MUSE-News,muse_news,news,MUSE News,independent,full_inference,4,4,2,2,1.0,0.5,0.3,42,none,pending
AU003497,stochastic_robustness,qwen3_8b,MUSE-News,muse_news,news,MUSE News,independent,full_inference,4,4,2,2,1.0,0.5,0.3,43,none,pending
AU003498,stochastic_robustness,qwen3_8b,MUSE-News,muse_news,news,MUSE News,independent,full_inference,4,4,2,2,1.0,0.5,0.3,44,none,pending
AU003499,stochastic_robustness,qwen3_8b,MUSE-News,muse_news,news,MUSE News,independent,full_inference,4,4,2,2,1.0,0.5,0.3,45,none,pending
AU003500,stochastic_robustness,qwen3_8b,MUSE-News,muse_news,news,MUSE News,independent,full_inference,4,4,2,2,1.0,0.5,0.3,46,none,pending
AU003501,stochastic_robustness,qwen3_8b,MUSE-News,muse_news,news,MUSE News,independent,full_inference,4,4,2,2,1.0,0.5,0.7,42,none,pending
AU003502,stochastic_robustness,qwen3_8b,MUSE-News,muse_news,news,MUSE News,independent,full_inference,4,4,2,2,1.0,0.5,0.7,43,none,pending
AU003503,stochastic_robustness,qwen3_8b,MUSE-News,muse_news,news,MUSE News,independent,full_inference,4,4,2,2,1.0,0.5,0.7,44,none,pending
AU003504,stochastic_robustness,qwen3_8b,MUSE-News,muse_news,news,MUSE News,independent,full_inference,4,4,2,2,1.0,0.5,0.7,45,none,pending
AU003505,stochastic_robustness,qwen3_8b,MUSE-News,muse_news,news,MUSE News,independent,full_inference,4,4,2,2,1.0,0.5,0.7,46,none,pending
AU003506,stochastic_robustness,qwen3_8b,MUSE-News,muse_news,news,MUSE News,sequential,target_context_memory,4,4,2,2,1.0,0.5,0.3,42,none,pending
AU003507,stochastic_robustness,qwen3_8b,MUSE-News,muse_news,news,MUSE News,sequential,target_context_memory,4,4,2,2,1.0,0.5,0.3,43,none,pending
AU003508,stochastic_robustness,qwen3_8b,MUSE-News,muse_news,news,MUSE News,sequential,target_context_memory,4,4,2,2,1.0,0.5,0.3,44,none,pending
AU003509,stochastic_robustness,qwen3_8b,MUSE-News,muse_news,news,MUSE News,sequential,target_context_memory,4,4,2,2,1.0,0.5,0.3,45,none,pending
AU003510,stochastic_robustness,qwen3_8b,MUSE-News,muse_news,news,MUSE News,sequential,target_context_memory,4,4,2,2,1.0,0.5,0.3,46,none,pending
AU003511,stochastic_robustness,qwen3_8b,MUSE-News,muse_news,news,MUSE News,sequential,target_context_memory,4,4,2,2,1.0,0.5,0.7,42,none,pending
AU003512,stochastic_robustness,qwen3_8b,MUSE-News,muse_news,news,MUSE News,sequential,target_context_memory,4,4,2,2,1.0,0.5,0.7,43,none,pending
AU003513,stochastic_robustness,qwen3_8b,MUSE-News,muse_news,news,MUSE News,sequential,target_context_memory,4,4,2,2,1.0,0.5,0.7,44,none,pending
AU003514,stochastic_robustness,qwen3_8b,MUSE-News,muse_news,news,MUSE News,sequential,target_context_memory,4,4,2,2,1.0,0.5,0.7,45,none,pending
AU003515,stochastic_robustness,qwen3_8b,MUSE-News,muse_news,news,MUSE News,sequential,target_context_memory,4,4,2,2,1.0,0.5,0.7,46,none,pending
AU003516,stochastic_robustness,qwen3_8b,MUSE-News,muse_news,news,MUSE News,sequential,full_inference,4,4,2,2,1.0,0.5,0.3,42,none,pending
AU003517,stochastic_robustness,qwen3_8b,MUSE-News,muse_news,news,MUSE News,sequential,full_inference,4,4,2,2,1.0,0.5,0.3,43,none,pending
AU003518,stochastic_robustness,qwen3_8b,MUSE-News,muse_news,news,MUSE News,sequential,full_inference,4,4,2,2,1.0,0.5,0.3,44,none,pending
AU003519,stochastic_robustness,qwen3_8b,MUSE-News,muse_news,news,MUSE News,sequential,full_inference,4,4,2,2,1.0,0.5,0.3,45,none,pending
AU003520,stochastic_robustness,qwen3_8b,MUSE-News,muse_news,news,MUSE News,sequential,full_inference,4,4,2,2,1.0,0.5,0.3,46,none,pending
AU003521,stochastic_robustness,qwen3_8b,MUSE-News,muse_news,news,MUSE News,sequential,full_inference,4,4,2,2,1.0,0.5,0.7,42,none,pending
AU003522,stochastic_robustness,qwen3_8b,MUSE-News,muse_news,news,MUSE News,sequential,full_inference,4,4,2,2,1.0,0.5,0.7,43,none,pending
AU003523,stochastic_robustness,qwen3_8b,MUSE-News,muse_news,news,MUSE News,sequential,full_inference,4,4,2,2,1.0,0.5,0.7,44,none,pending
AU003524,stochastic_robustness,qwen3_8b,MUSE-News,muse_news,news,MUSE News,sequential,full_inference,4,4,2,2,1.0,0.5,0.7,45,none,pending
AU003525,stochastic_robustness,qwen3_8b,MUSE-News,muse_news,news,MUSE News,sequential,full_inference,4,4,2,2,1.0,0.5,0.7,46,none,pending
AU003526,stochastic_robustness,qwen3_8b,MUSE-News,muse_news,news,MUSE News,debate,target_context_memory,4,4,2,2,1.0,0.5,0.3,42,none,pending
AU003527,stochastic_robustness,qwen3_8b,MUSE-News,muse_news,news,MUSE News,debate,target_context_memory,4,4,2,2,1.0,0.5,0.3,43,none,pending
AU003528,stochastic_robustness,qwen3_8b,MUSE-News,muse_news,news,MUSE News,debate,target_context_memory,4,4,2,2,1.0,0.5,0.3,44,none,pending
AU003529,stochastic_robustness,qwen3_8b,MUSE-News,muse_news,news,MUSE News,debate,target_context_memory,4,4,2,2,1.0,0.5,0.3,45,none,pending
AU003530,stochastic_robustness,qwen3_8b,MUSE-News,muse_news,news,MUSE News,debate,target_context_memory,4,4,2,2,1.0,0.5,0.3,46,none,pending
AU003531,stochastic_robustness,qwen3_8b,MUSE-News,muse_news,news,MUSE News,debate,target_context_memory,4,4,2,2,1.0,0.5,0.7,42,none,pending
AU003532,stochastic_robustness,qwen3_8b,MUSE-News,muse_news,news,MUSE News,debate,target_context_memory,4,4,2,2,1.0,0.5,0.7,43,none,pending
AU003533,stochastic_robustness,qwen3_8b,MUSE-News,muse_news,news,MUSE News,debate,target_context_memory,4,4,2,2,1.0,0.5,0.7,44,none,pending
AU003534,stochastic_robustness,qwen3_8b,MUSE-News,muse_news,news,MUSE News,debate,target_context_memory,4,4,2,2,1.0,0.5,0.7,45,none,pending
AU003535,stochastic_robustness,qwen3_8b,MUSE-News,muse_news,news,MUSE News,debate,target_context_memory,4,4,2,2,1.0,0.5,0.7,46,none,pending
AU003536,stochastic_robustness,qwen3_8b,MUSE-News,muse_news,news,MUSE News,debate,full_inference,4,4,2,2,1.0,0.5,0.3,42,none,pending
AU003537,stochastic_robustness,qwen3_8b,MUSE-News,muse_news,news,MUSE News,debate,full_inference,4,4,2,2,1.0,0.5,0.3,43,none,pending
AU003538,stochastic_robustness,qwen3_8b,MUSE-News,muse_news,news,MUSE News,debate,full_inference,4,4,2,2,1.0,0.5,0.3,44,none,pending
AU003539,stochastic_robustness,qwen3_8b,MUSE-News,muse_news,news,MUSE News,debate,full_inference,4,4,2,2,1.0,0.5,0.3,45,none,pending
AU003540,stochastic_robustness,qwen3_8b,MUSE-News,muse_news,news,MUSE News,debate,full_inference,4,4,2,2,1.0,0.5,0.3,46,none,pending
AU003541,stochastic_robustness,qwen3_8b,MUSE-News,muse_news,news,MUSE News,debate,full_inference,4,4,2,2,1.0,0.5,0.7,42,none,pending
AU003542,stochastic_robustness,qwen3_8b,MUSE-News,muse_news,news,MUSE News,debate,full_inference,4,4,2,2,1.0,0.5,0.7,43,none,pending
AU003543,stochastic_robustness,qwen3_8b,MUSE-News,muse_news,news,MUSE News,debate,full_inference,4,4,2,2,1.0,0.5,0.7,44,none,pending
AU003544,stochastic_robustness,qwen3_8b,MUSE-News,muse_news,news,MUSE News,debate,full_inference,4,4,2,2,1.0,0.5,0.7,45,none,pending
AU003545,stochastic_robustness,qwen3_8b,MUSE-News,muse_news,news,MUSE News,debate,full_inference,4,4,2,2,1.0,0.5,0.7,46,none,pending
AU003546,stochastic_robustness,qwen3_8b,MUSE-News,muse_news,news,MUSE News,scratchpad,target_context_memory,4,4,2,2,1.0,0.5,0.3,42,none,pending
AU003547,stochastic_robustness,qwen3_8b,MUSE-News,muse_news,news,MUSE News,scratchpad,target_context_memory,4,4,2,2,1.0,0.5,0.3,43,none,pending
AU003548,stochastic_robustness,qwen3_8b,MUSE-News,muse_news,news,MUSE News,scratchpad,target_context_memory,4,4,2,2,1.0,0.5,0.3,44,none,pending
AU003549,stochastic_robustness,qwen3_8b,MUSE-News,muse_news,news,MUSE News,scratchpad,target_context_memory,4,4,2,2,1.0,0.5,0.3,45,none,pending
AU003550,stochastic_robustness,qwen3_8b,MUSE-News,muse_news,news,MUSE News,scratchpad,target_context_memory,4,4,2,2,1.0,0.5,0.3,46,none,pending
AU003551,stochastic_robustness,qwen3_8b,MUSE-News,muse_news,news,MUSE News,scratchpad,target_context_memory,4,4,2,2,1.0,0.5,0.7,42,none,pending
AU003552,stochastic_robustness,qwen3_8b,MUSE-News,muse_news,news,MUSE News,scratchpad,target_context_memory,4,4,2,2,1.0,0.5,0.7,43,none,pending
AU003553,stochastic_robustness,qwen3_8b,MUSE-News,muse_news,news,MUSE News,scratchpad,target_context_memory,4,4,2,2,1.0,0.5,0.7,44,none,pending
AU003554,stochastic_robustness,qwen3_8b,MUSE-News,muse_news,news,MUSE News,scratchpad,target_context_memory,4,4,2,2,1.0,0.5,0.7,45,none,pending
AU003555,stochastic_robustness,qwen3_8b,MUSE-News,muse_news,news,MUSE News,scratchpad,target_context_memory,4,4,2,2,1.0,0.5,0.7,46,none,pending
AU003556,stochastic_robustness,qwen3_8b,MUSE-News,muse_news,news,MUSE News,scratchpad,full_inference,4,4,2,2,1.0,0.5,0.3,42,none,pending
AU003557,stochastic_robustness,qwen3_8b,MUSE-News,muse_news,news,MUSE News,scratchpad,full_inference,4,4,2,2,1.0,0.5,0.3,43,none,pending
AU003558,stochastic_robustness,qwen3_8b,MUSE-News,muse_news,news,MUSE News,scratchpad,full_inference,4,4,2,2,1.0,0.5,0.3,44,none,pending
AU003559,stochastic_robustness,qwen3_8b,MUSE-News,muse_news,news,MUSE News,scratchpad,full_inference,4,4,2,2,1.0,0.5,0.3,45,none,pending
AU003560,stochastic_robustness,qwen3_8b,MUSE-News,muse_news,news,MUSE News,scratchpad,full_inference,4,4,2,2,1.0,0.5,0.3,46,none,pending
AU003561,stochastic_robustness,qwen3_8b,MUSE-News,muse_news,news,MUSE News,scratchpad,full_inference,4,4,2,2,1.0,0.5,0.7,42,none,pending
AU003562,stochastic_robustness,qwen3_8b,MUSE-News,muse_news,news,MUSE News,scratchpad,full_inference,4,4,2,2,1.0,0.5,0.7,43,none,pending
AU003563,stochastic_robustness,qwen3_8b,MUSE-News,muse_news,news,MUSE News,scratchpad,full_inference,4,4,2,2,1.0,0.5,0.7,44,none,pending
AU003564,stochastic_robustness,qwen3_8b,MUSE-News,muse_news,news,MUSE News,scratchpad,full_inference,4,4,2,2,1.0,0.5,0.7,45,none,pending
AU003565,stochastic_robustness,qwen3_8b,MUSE-News,muse_news,news,MUSE News,scratchpad,full_inference,4,4,2,2,1.0,0.5,0.7,46,none,pending
AU003566,stochastic_robustness,qwen3_8b,MUSE-News,muse_news,news,MUSE News,hierarchical,target_context_memory,4,4,2,2,1.0,0.5,0.3,42,none,pending
AU003567,stochastic_robustness,qwen3_8b,MUSE-News,muse_news,news,MUSE News,hierarchical,target_context_memory,4,4,2,2,1.0,0.5,0.3,43,none,pending
AU003568,stochastic_robustness,qwen3_8b,MUSE-News,muse_news,news,MUSE News,hierarchical,target_context_memory,4,4,2,2,1.0,0.5,0.3,44,none,pending
AU003569,stochastic_robustness,qwen3_8b,MUSE-News,muse_news,news,MUSE News,hierarchical,target_context_memory,4,4,2,2,1.0,0.5,0.3,45,none,pending
AU003570,stochastic_robustness,qwen3_8b,MUSE-News,muse_news,news,MUSE News,hierarchical,target_context_memory,4,4,2,2,1.0,0.5,0.3,46,none,pending
AU003571,stochastic_robustness,qwen3_8b,MUSE-News,muse_news,news,MUSE News,hierarchical,target_context_memory,4,4,2,2,1.0,0.5,0.7,42,none,pending
AU003572,stochastic_robustness,qwen3_8b,MUSE-News,muse_news,news,MUSE News,hierarchical,target_context_memory,4,4,2,2,1.0,0.5,0.7,43,none,pending
AU003573,stochastic_robustness,qwen3_8b,MUSE-News,muse_news,news,MUSE News,hierarchical,target_context_memory,4,4,2,2,1.0,0.5,0.7,44,none,pending
AU003574,stochastic_robustness,qwen3_8b,MUSE-News,muse_news,news,MUSE News,hierarchical,target_context_memory,4,4,2,2,1.0,0.5,0.7,45,none,pending
AU003575,stochastic_robustness,qwen3_8b,MUSE-News,muse_news,news,MUSE News,hierarchical,target_context_memory,4,4,2,2,1.0,0.5,0.7,46,none,pending
AU003576,stochastic_robustness,qwen3_8b,MUSE-News,muse_news,news,MUSE News,hierarchical,full_inference,4,4,2,2,1.0,0.5,0.3,42,none,pending
AU003577,stochastic_robustness,qwen3_8b,MUSE-News,muse_news,news,MUSE News,hierarchical,full_inference,4,4,2,2,1.0,0.5,0.3,43,none,pending
AU003578,stochastic_robustness,qwen3_8b,MUSE-News,muse_news,news,MUSE News,hierarchical,full_inference,4,4,2,2,1.0,0.5,0.3,44,none,pending
AU003579,stochastic_robustness,qwen3_8b,MUSE-News,muse_news,news,MUSE News,hierarchical,full_inference,4,4,2,2,1.0,0.5,0.3,45,none,pending
AU003580,stochastic_robustness,qwen3_8b,MUSE-News,muse_news,news,MUSE News,hierarchical,full_inference,4,4,2,2,1.0,0.5,0.3,46,none,pending
AU003581,stochastic_robustness,qwen3_8b,MUSE-News,muse_news,news,MUSE News,hierarchical,full_inference,4,4,2,2,1.0,0.5,0.7,42,none,pending
AU003582,stochastic_robustness,qwen3_8b,MUSE-News,muse_news,news,MUSE News,hierarchical,full_inference,4,4,2,2,1.0,0.5,0.7,43,none,pending
AU003583,stochastic_robustness,qwen3_8b,MUSE-News,muse_news,news,MUSE News,hierarchical,full_inference,4,4,2,2,1.0,0.5,0.7,44,none,pending
AU003584,stochastic_robustness,qwen3_8b,MUSE-News,muse_news,news,MUSE News,hierarchical,full_inference,4,4,2,2,1.0,0.5,0.7,45,none,pending
AU003585,stochastic_robustness,qwen3_8b,MUSE-News,muse_news,news,MUSE News,hierarchical,full_inference,4,4,2,2,1.0,0.5,0.7,46,none,pending
AU003586,stochastic_robustness,qwen3_8b,RWKU,rwku_001,1,Stephen King,independent,target_context_memory,4,4,2,2,1.0,0.5,0.3,42,none,pending
AU003587,stochastic_robustness,qwen3_8b,RWKU,rwku_001,1,Stephen King,independent,target_context_memory,4,4,2,2,1.0,0.5,0.3,43,none,pending
AU003588,stochastic_robustness,qwen3_8b,RWKU,rwku_001,1,Stephen King,independent,target_context_memory,4,4,2,2,1.0,0.5,0.3,44,none,pending
AU003589,stochastic_robustness,qwen3_8b,RWKU,rwku_001,1,Stephen King,independent,target_context_memory,4,4,2,2,1.0,0.5,0.3,45,none,pending
AU003590,stochastic_robustness,qwen3_8b,RWKU,rwku_001,1,Stephen King,independent,target_context_memory,4,4,2,2,1.0,0.5,0.3,46,none,pending
AU003591,stochastic_robustness,qwen3_8b,RWKU,rwku_001,1,Stephen King,independent,target_context_memory,4,4,2,2,1.0,0.5,0.7,42,none,pending
AU003592,stochastic_robustness,qwen3_8b,RWKU,rwku_001,1,Stephen King,independent,target_context_memory,4,4,2,2,1.0,0.5,0.7,43,none,pending
AU003593,stochastic_robustness,qwen3_8b,RWKU,rwku_001,1,Stephen King,independent,target_context_memory,4,4,2,2,1.0,0.5,0.7,44,none,pending
AU003594,stochastic_robustness,qwen3_8b,RWKU,rwku_001,1,Stephen King,independent,target_context_memory,4,4,2,2,1.0,0.5,0.7,45,none,pending
AU003595,stochastic_robustness,qwen3_8b,RWKU,rwku_001,1,Stephen King,independent,target_context_memory,4,4,2,2,1.0,0.5,0.7,46,none,pending
AU003596,stochastic_robustness,qwen3_8b,RWKU,rwku_001,1,Stephen King,independent,full_inference,4,4,2,2,1.0,0.5,0.3,42,none,pending
AU003597,stochastic_robustness,qwen3_8b,RWKU,rwku_001,1,Stephen King,independent,full_inference,4,4,2,2,1.0,0.5,0.3,43,none,pending
AU003598,stochastic_robustness,qwen3_8b,RWKU,rwku_001,1,Stephen King,independent,full_inference,4,4,2,2,1.0,0.5,0.3,44,none,pending
AU003599,stochastic_robustness,qwen3_8b,RWKU,rwku_001,1,Stephen King,independent,full_inference,4,4,2,2,1.0,0.5,0.3,45,none,pending
AU003600,stochastic_robustness,qwen3_8b,RWKU,rwku_001,1,Stephen King,independent,full_inference,4,4,2,2,1.0,0.5,0.3,46,none,pending
AU003601,stochastic_robustness,qwen3_8b,RWKU,rwku_001,1,Stephen King,independent,full_inference,4,4,2,2,1.0,0.5,0.7,42,none,pending
AU003602,stochastic_robustness,qwen3_8b,RWKU,rwku_001,1,Stephen King,independent,full_inference,4,4,2,2,1.0,0.5,0.7,43,none,pending
AU003603,stochastic_robustness,qwen3_8b,RWKU,rwku_001,1,Stephen King,independent,full_inference,4,4,2,2,1.0,0.5,0.7,44,none,pending
AU003604,stochastic_robustness,qwen3_8b,RWKU,rwku_001,1,Stephen King,independent,full_inference,4,4,2,2,1.0,0.5,0.7,45,none,pending
AU003605,stochastic_robustness,qwen3_8b,RWKU,rwku_001,1,Stephen King,independent,full_inference,4,4,2,2,1.0,0.5,0.7,46,none,pending
AU003606,stochastic_robustness,qwen3_8b,RWKU,rwku_001,1,Stephen King,sequential,target_context_memory,4,4,2,2,1.0,0.5,0.3,42,none,pending
AU003607,stochastic_robustness,qwen3_8b,RWKU,rwku_001,1,Stephen King,sequential,target_context_memory,4,4,2,2,1.0,0.5,0.3,43,none,pending
AU003608,stochastic_robustness,qwen3_8b,RWKU,rwku_001,1,Stephen King,sequential,target_context_memory,4,4,2,2,1.0,0.5,0.3,44,none,pending
AU003609,stochastic_robustness,qwen3_8b,RWKU,rwku_001,1,Stephen King,sequential,target_context_memory,4,4,2,2,1.0,0.5,0.3,45,none,pending
AU003610,stochastic_robustness,qwen3_8b,RWKU,rwku_001,1,Stephen King,sequential,target_context_memory,4,4,2,2,1.0,0.5,0.3,46,none,pending
AU003611,stochastic_robustness,qwen3_8b,RWKU,rwku_001,1,Stephen King,sequential,target_context_memory,4,4,2,2,1.0,0.5,0.7,42,none,pending
AU003612,stochastic_robustness,qwen3_8b,RWKU,rwku_001,1,Stephen King,sequential,target_context_memory,4,4,2,2,1.0,0.5,0.7,43,none,pending
AU003613,stochastic_robustness,qwen3_8b,RWKU,rwku_001,1,Stephen King,sequential,target_context_memory,4,4,2,2,1.0,0.5,0.7,44,none,pending
AU003614,stochastic_robustness,qwen3_8b,RWKU,rwku_001,1,Stephen King,sequential,target_context_memory,4,4,2,2,1.0,0.5,0.7,45,none,pending
AU003615,stochastic_robustness,qwen3_8b,RWKU,rwku_001,1,Stephen King,sequential,target_context_memory,4,4,2,2,1.0,0.5,0.7,46,none,pending
AU003616,stochastic_robustness,qwen3_8b,RWKU,rwku_001,1,Stephen King,sequential,full_inference,4,4,2,2,1.0,0.5,0.3,42,none,pending
AU003617,stochastic_robustness,qwen3_8b,RWKU,rwku_001,1,Stephen King,sequential,full_inference,4,4,2,2,1.0,0.5,0.3,43,none,pending
AU003618,stochastic_robustness,qwen3_8b,RWKU,rwku_001,1,Stephen King,sequential,full_inference,4,4,2,2,1.0,0.5,0.3,44,none,pending
AU003619,stochastic_robustness,qwen3_8b,RWKU,rwku_001,1,Stephen King,sequential,full_inference,4,4,2,2,1.0,0.5,0.3,45,none,pending
AU003620,stochastic_robustness,qwen3_8b,RWKU,rwku_001,1,Stephen King,sequential,full_inference,4,4,2,2,1.0,0.5,0.3,46,none,pending
AU003621,stochastic_robustness,qwen3_8b,RWKU,rwku_001,1,Stephen King,sequential,full_inference,4,4,2,2,1.0,0.5,0.7,42,none,pending
AU003622,stochastic_robustness,qwen3_8b,RWKU,rwku_001,1,Stephen King,sequential,full_inference,4,4,2,2,1.0,0.5,0.7,43,none,pending
AU003623,stochastic_robustness,qwen3_8b,RWKU,rwku_001,1,Stephen King,sequential,full_inference,4,4,2,2,1.0,0.5,0.7,44,none,pending
AU003624,stochastic_robustness,qwen3_8b,RWKU,rwku_001,1,Stephen King,sequential,full_inference,4,4,2,2,1.0,0.5,0.7,45,none,pending
AU003625,stochastic_robustness,qwen3_8b,RWKU,rwku_001,1,Stephen King,sequential,full_inference,4,4,2,2,1.0,0.5,0.7,46,none,pending
AU003626,stochastic_robustness,qwen3_8b,RWKU,rwku_001,1,Stephen King,debate,target_context_memory,4,4,2,2,1.0,0.5,0.3,42,none,pending
AU003627,stochastic_robustness,qwen3_8b,RWKU,rwku_001,1,Stephen King,debate,target_context_memory,4,4,2,2,1.0,0.5,0.3,43,none,pending
AU003628,stochastic_robustness,qwen3_8b,RWKU,rwku_001,1,Stephen King,debate,target_context_memory,4,4,2,2,1.0,0.5,0.3,44,none,pending
AU003629,stochastic_robustness,qwen3_8b,RWKU,rwku_001,1,Stephen King,debate,target_context_memory,4,4,2,2,1.0,0.5,0.3,45,none,pending
AU003630,stochastic_robustness,qwen3_8b,RWKU,rwku_001,1,Stephen King,debate,target_context_memory,4,4,2,2,1.0,0.5,0.3,46,none,pending
AU003631,stochastic_robustness,qwen3_8b,RWKU,rwku_001,1,Stephen King,debate,target_context_memory,4,4,2,2,1.0,0.5,0.7,42,none,pending
AU003632,stochastic_robustness,qwen3_8b,RWKU,rwku_001,1,Stephen King,debate,target_context_memory,4,4,2,2,1.0,0.5,0.7,43,none,pending
AU003633,stochastic_robustness,qwen3_8b,RWKU,rwku_001,1,Stephen King,debate,target_context_memory,4,4,2,2,1.0,0.5,0.7,44,none,pending
AU003634,stochastic_robustness,qwen3_8b,RWKU,rwku_001,1,Stephen King,debate,target_context_memory,4,4,2,2,1.0,0.5,0.7,45,none,pending
AU003635,stochastic_robustness,qwen3_8b,RWKU,rwku_001,1,Stephen King,debate,target_context_memory,4,4,2,2,1.0,0.5,0.7,46,none,pending
AU003636,stochastic_robustness,qwen3_8b,RWKU,rwku_001,1,Stephen King,debate,full_inference,4,4,2,2,1.0,0.5,0.3,42,none,pending
AU003637,stochastic_robustness,qwen3_8b,RWKU,rwku_001,1,Stephen King,debate,full_inference,4,4,2,2,1.0,0.5,0.3,43,none,pending
AU003638,stochastic_robustness,qwen3_8b,RWKU,rwku_001,1,Stephen King,debate,full_inference,4,4,2,2,1.0,0.5,0.3,44,none,pending
AU003639,stochastic_robustness,qwen3_8b,RWKU,rwku_001,1,Stephen King,debate,full_inference,4,4,2,2,1.0,0.5,0.3,45,none,pending
AU003640,stochastic_robustness,qwen3_8b,RWKU,rwku_001,1,Stephen King,debate,full_inference,4,4,2,2,1.0,0.5,0.3,46,none,pending
AU003641,stochastic_robustness,qwen3_8b,RWKU,rwku_001,1,Stephen King,debate,full_inference,4,4,2,2,1.0,0.5,0.7,42,none,pending
AU003642,stochastic_robustness,qwen3_8b,RWKU,rwku_001,1,Stephen King,debate,full_inference,4,4,2,2,1.0,0.5,0.7,43,none,pending
AU003643,stochastic_robustness,qwen3_8b,RWKU,rwku_001,1,Stephen King,debate,full_inference,4,4,2,2,1.0,0.5,0.7,44,none,pending
AU003644,stochastic_robustness,qwen3_8b,RWKU,rwku_001,1,Stephen King,debate,full_inference,4,4,2,2,1.0,0.5,0.7,45,none,pending
AU003645,stochastic_robustness,qwen3_8b,RWKU,rwku_001,1,Stephen King,debate,full_inference,4,4,2,2,1.0,0.5,0.7,46,none,pending
AU003646,stochastic_robustness,qwen3_8b,RWKU,rwku_001,1,Stephen King,scratchpad,target_context_memory,4,4,2,2,1.0,0.5,0.3,42,none,pending
AU003647,stochastic_robustness,qwen3_8b,RWKU,rwku_001,1,Stephen King,scratchpad,target_context_memory,4,4,2,2,1.0,0.5,0.3,43,none,pending
AU003648,stochastic_robustness,qwen3_8b,RWKU,rwku_001,1,Stephen King,scratchpad,target_context_memory,4,4,2,2,1.0,0.5,0.3,44,none,pending
AU003649,stochastic_robustness,qwen3_8b,RWKU,rwku_001,1,Stephen King,scratchpad,target_context_memory,4,4,2,2,1.0,0.5,0.3,45,none,pending
AU003650,stochastic_robustness,qwen3_8b,RWKU,rwku_001,1,Stephen King,scratchpad,target_context_memory,4,4,2,2,1.0,0.5,0.3,46,none,pending
AU003651,stochastic_robustness,qwen3_8b,RWKU,rwku_001,1,Stephen King,scratchpad,target_context_memory,4,4,2,2,1.0,0.5,0.7,42,none,pending
AU003652,stochastic_robustness,qwen3_8b,RWKU,rwku_001,1,Stephen King,scratchpad,target_context_memory,4,4,2,2,1.0,0.5,0.7,43,none,pending
AU003653,stochastic_robustness,qwen3_8b,RWKU,rwku_001,1,Stephen King,scratchpad,target_context_memory,4,4,2,2,1.0,0.5,0.7,44,none,pending
AU003654,stochastic_robustness,qwen3_8b,RWKU,rwku_001,1,Stephen King,scratchpad,target_context_memory,4,4,2,2,1.0,0.5,0.7,45,none,pending
AU003655,stochastic_robustness,qwen3_8b,RWKU,rwku_001,1,Stephen King,scratchpad,target_context_memory,4,4,2,2,1.0,0.5,0.7,46,none,pending
AU003656,stochastic_robustness,qwen3_8b,RWKU,rwku_001,1,Stephen King,scratchpad,full_inference,4,4,2,2,1.0,0.5,0.3,42,none,pending
AU003657,stochastic_robustness,qwen3_8b,RWKU,rwku_001,1,Stephen King,scratchpad,full_inference,4,4,2,2,1.0,0.5,0.3,43,none,pending
AU003658,stochastic_robustness,qwen3_8b,RWKU,rwku_001,1,Stephen King,scratchpad,full_inference,4,4,2,2,1.0,0.5,0.3,44,none,pending
AU003659,stochastic_robustness,qwen3_8b,RWKU,rwku_001,1,Stephen King,scratchpad,full_inference,4,4,2,2,1.0,0.5,0.3,45,none,pending
AU003660,stochastic_robustness,qwen3_8b,RWKU,rwku_001,1,Stephen King,scratchpad,full_inference,4,4,2,2,1.0,0.5,0.3,46,none,pending
AU003661,stochastic_robustness,qwen3_8b,RWKU,rwku_001,1,Stephen King,scratchpad,full_inference,4,4,2,2,1.0,0.5,0.7,42,none,pending
AU003662,stochastic_robustness,qwen3_8b,RWKU,rwku_001,1,Stephen King,scratchpad,full_inference,4,4,2,2,1.0,0.5,0.7,43,none,pending
AU003663,stochastic_robustness,qwen3_8b,RWKU,rwku_001,1,Stephen King,scratchpad,full_inference,4,4,2,2,1.0,0.5,0.7,44,none,pending
AU003664,stochastic_robustness,qwen3_8b,RWKU,rwku_001,1,Stephen King,scratchpad,full_inference,4,4,2,2,1.0,0.5,0.7,45,none,pending
AU003665,stochastic_robustness,qwen3_8b,RWKU,rwku_001,1,Stephen King,scratchpad,full_inference,4,4,2,2,1.0,0.5,0.7,46,none,pending
AU003666,stochastic_robustness,qwen3_8b,RWKU,rwku_001,1,Stephen King,hierarchical,target_context_memory,4,4,2,2,1.0,0.5,0.3,42,none,pending
AU003667,stochastic_robustness,qwen3_8b,RWKU,rwku_001,1,Stephen King,hierarchical,target_context_memory,4,4,2,2,1.0,0.5,0.3,43,none,pending
AU003668,stochastic_robustness,qwen3_8b,RWKU,rwku_001,1,Stephen King,hierarchical,target_context_memory,4,4,2,2,1.0,0.5,0.3,44,none,pending
AU003669,stochastic_robustness,qwen3_8b,RWKU,rwku_001,1,Stephen King,hierarchical,target_context_memory,4,4,2,2,1.0,0.5,0.3,45,none,pending
AU003670,stochastic_robustness,qwen3_8b,RWKU,rwku_001,1,Stephen King,hierarchical,target_context_memory,4,4,2,2,1.0,0.5,0.3,46,none,pending
AU003671,stochastic_robustness,qwen3_8b,RWKU,rwku_001,1,Stephen King,hierarchical,target_context_memory,4,4,2,2,1.0,0.5,0.7,42,none,pending
AU003672,stochastic_robustness,qwen3_8b,RWKU,rwku_001,1,Stephen King,hierarchical,target_context_memory,4,4,2,2,1.0,0.5,0.7,43,none,pending
AU003673,stochastic_robustness,qwen3_8b,RWKU,rwku_001,1,Stephen King,hierarchical,target_context_memory,4,4,2,2,1.0,0.5,0.7,44,none,pending
AU003674,stochastic_robustness,qwen3_8b,RWKU,rwku_001,1,Stephen King,hierarchical,target_context_memory,4,4,2,2,1.0,0.5,0.7,45,none,pending
AU003675,stochastic_robustness,qwen3_8b,RWKU,rwku_001,1,Stephen King,hierarchical,target_context_memory,4,4,2,2,1.0,0.5,0.7,46,none,pending
AU003676,stochastic_robustness,qwen3_8b,RWKU,rwku_001,1,Stephen King,hierarchical,full_inference,4,4,2,2,1.0,0.5,0.3,42,none,pending
AU003677,stochastic_robustness,qwen3_8b,RWKU,rwku_001,1,Stephen King,hierarchical,full_inference,4,4,2,2,1.0,0.5,0.3,43,none,pending
AU003678,stochastic_robustness,qwen3_8b,RWKU,rwku_001,1,Stephen King,hierarchical,full_inference,4,4,2,2,1.0,0.5,0.3,44,none,pending
AU003679,stochastic_robustness,qwen3_8b,RWKU,rwku_001,1,Stephen King,hierarchical,full_inference,4,4,2,2,1.0,0.5,0.3,45,none,pending
AU003680,stochastic_robustness,qwen3_8b,RWKU,rwku_001,1,Stephen King,hierarchical,full_inference,4,4,2,2,1.0,0.5,0.3,46,none,pending
AU003681,stochastic_robustness,qwen3_8b,RWKU,rwku_001,1,Stephen King,hierarchical,full_inference,4,4,2,2,1.0,0.5,0.7,42,none,pending
AU003682,stochastic_robustness,qwen3_8b,RWKU,rwku_001,1,Stephen King,hierarchical,full_inference,4,4,2,2,1.0,0.5,0.7,43,none,pending
AU003683,stochastic_robustness,qwen3_8b,RWKU,rwku_001,1,Stephen King,hierarchical,full_inference,4,4,2,2,1.0,0.5,0.7,44,none,pending
AU003684,stochastic_robustness,qwen3_8b,RWKU,rwku_001,1,Stephen King,hierarchical,full_inference,4,4,2,2,1.0,0.5,0.7,45,none,pending
AU003685,stochastic_robustness,qwen3_8b,RWKU,rwku_001,1,Stephen King,hierarchical,full_inference,4,4,2,2,1.0,0.5,0.7,46,none,pending
