unit_id,metric,n,mean,std,sem,median,q25,q75,min,max,ci95_low,ci95_high
muse_books,drr_target,177,0.6406779661016949,0.45792962095761525,0.03442009806976325,1.0,0.0,1.0,0.0,1.0,0.573214573884959,0.7081413583184308
muse_books,retention_target,177,0.08135593220338984,0.21251302869513014,0.015973457391754577,0.0,0.0,0.0,0.0,1.0,0.05004795571555087,0.1126639086912288
muse_books,drr_system,177,0.7581920903954802,0.38884021511621986,0.02922702032198722,1.0,0.6,1.0,0.0,1.0,0.7009071305643853,0.8154770502265751
muse_books,retention_system,177,0.04745762711864407,0.1705831564110467,0.012821815196054855,0.0,0.0,0.0,0.0,1.0,0.022326869334376553,0.07258838490291158
muse_books,n_scored_probes,177,10.0,0.0,0.0,10.0,10.0,10.0,10.0,10.0,10.0,10.0
muse_news,drr_target,383,0.0,0.0,0.0,0.0,0.0,0.0,0.0,0.0,0.0,0.0
muse_news,retention_target,383,0.0349869451697128,0.10195953070911855,0.00520988864497239,0.0,0.0,0.0,0.0,0.6,0.024775563425566915,0.04519832691385868
muse_news,drr_system,383,0.0,0.0,0.0,0.0,0.0,0.0,0.0,0.0,0.0,0.0
muse_news,retention_system,383,0.06527415143603134,0.1767074238663288,0.009029327564384083,0.0,0.0,0.0,0.0,0.8,0.04757666940983854,0.08297163346222414
muse_news,n_scored_probes,383,10.0,0.0,0.0,10.0,10.0,10.0,10.0,10.0,10.0,10.0
rwku_001,drr_target,383,0.11018276762402089,0.23216648209652083,0.011863153060880798,0.0,0.0,0.2,0.0,1.0,0.08693098762469453,0.13343454762334725
rwku_001,irr_target,383,0.0036553524804177544,0.0394624384510269,0.002016436409220741,0.0,0.0,0.0,0.0,0.6,-0.00029686288165489813,0.007607567842490406
rwku_001,retention_target,383,0.09190600522193212,0.20949270949208482,0.010704577402391889,0.0,0.0,0.0,0.0,1.0,0.07092503351324403,0.11288697693062022
rwku_001,drr_system,383,0.12323759791122717,0.23791846781229917,0.012157065801144097,0.0,0.0,0.2,0.0,1.0,0.09940974894098474,0.1470654468814696
rwku_001,irr_system,383,0.003655352480417755,0.03671321240005366,0.0018759575203340269,0.0,0.0,0.0,0.0,0.4,-2.152425943693784e-05,0.007332229220272447
rwku_001,retention_system,383,0.05117493472584857,0.1678082556937765,0.008574601312807354,0.0,0.0,0.0,0.0,1.0,0.03436871615274616,0.06798115329895098
rwku_001,n_scored_probes,383,15.0,0.0,0.0,15.0,15.0,15.0,15.0,15.0,15.0,15.0
rwku_023,drr_target,177,0.7288135593220338,0.3815567011320028,0.028679557886373237,1.0,0.4,1.0,0.0,1.0,0.6726016258647423,0.7850254927793254
rwku_023,irr_target,177,0.023728813559322035,0.06485731643081673,0.004874974428214601,0.0,0.0,0.0,0.0,0.2,0.014173863680021418,0.03328376343862265
rwku_023,retention_target,177,0.5740112994350283,0.39943462869269364,0.030023345210364795,0.6,0.2,1.0,0.0,1.0,0.5151655428227133,0.6328570560473432
rwku_023,drr_system,177,0.8406779661016949,0.31140370104273407,0.023406535499415144,1.0,1.0,1.0,0.0,1.0,0.7948011565228412,0.8865547756805485
rwku_023,irr_system,177,0.0384180790960452,0.08456966809795492,0.006356645511534537,0.0,0.0,0.0,0.0,0.4,0.025959053893437507,0.05087710429865289
rwku_023,retention_system,177,0.3672316384180791,0.38383489217092875,0.02885079721091727,0.2,0.0,0.6,0.0,1.0,0.3106840758846813,0.4237792009514769
rwku_023,n_scored_probes,177,15.0,0.0,0.0,15.0,15.0,15.0,15.0,15.0,15.0,15.0
rwku_045,drr_target,177,0.09491525423728814,0.21644629463025683,0.016269099763476257,0.0,0.0,0.0,0.0,1.0,0.06302781870087468,0.1268026897737016
rwku_045,irr_target,177,0.02146892655367232,0.08112903859873359,0.006098031961842629,0.0,0.0,0.0,0.0,0.6,0.009516783908460766,0.03342106919888387
rwku_045,retention_target,177,0.4011299435028249,0.4314337488069934,0.03242854636371468,0.2,0.0,0.8,0.0,1.0,0.33756999262994414,0.4646898943757056
rwku_045,drr_system,177,0.08022598870056497,0.18248273518043207,0.013716242307746384,0.0,0.0,0.0,0.0,1.0,0.05334215377738205,0.10710982362374788
rwku_045,irr_system,177,0.0327683615819209,0.10897100069891559,0.00819076198428334,0.0,0.0,0.0,0.0,0.6,0.016714468092725556,0.04882225507111625
rwku_045,retention_system,177,0.29152542372881357,0.39252452250836,0.02950394982371158,0.0,0.0,0.6,0.0,1.0,0.23369768207433889,0.34935316538328826
rwku_045,n_scored_probes,177,15.0,0.0,0.0,15.0,15.0,15.0,15.0,15.0,15.0,15.0
rwku_067,drr_target,177,0.10621468926553673,0.2306508065360422,0.017336776258846505,0.0,0.0,0.2,0.0,1.0,0.07223460779819758,0.1401947707328759
rwku_067,irr_target,177,0.23615819209039546,0.3163049051388465,0.023774932558542555,0.0,0.0,0.4,0.0,1.0,0.18955932427565206,0.2827570599051389
rwku_067,retention_target,177,0.15480225988700563,0.2895766706360892,0.021765915428589987,0.0,0.0,0.2,0.0,1.0,0.11214106564696927,0.197463454127042
rwku_067,drr_system,177,0.061016949152542375,0.1577724366185315,0.011858902531264726,0.0,0.0,0.0,0.0,0.8,0.037773500191263513,0.08426039811382124
rwku_067,irr_system,177,0.2677966101694916,0.3196805994586815,0.024028665281268125,0.2,0.0,0.4,0.0,1.0,0.22070042621820607,0.3148927941207771
rwku_067,retention_system,177,0.1322033898305085,0.2898514576269089,0.021786569683609633,0.0,0.0,0.0,0.0,1.0,0.08950171325063362,0.1749050664103834
rwku_067,n_scored_probes,177,15.0,0.0,0.0,15.0,15.0,15.0,15.0,15.0,15.0,15.0
rwku_089,drr_target,177,0.08700564971751412,0.18184835394233212,0.013668559293960651,0.0,0.0,0.2,0.0,1.0,0.060215273501351245,0.11379602593367699
rwku_089,irr_target,177,0.03954802259887006,0.1430822205183231,0.010754718273042242,0.0,0.0,0.0,0.0,1.0,0.018468774783707266,0.060627270414032854
rwku_089,retention_target,177,0.576271186440678,0.4313057538600533,0.03241892567436749,0.8,0.0,1.0,0.0,1.0,0.5127300921189177,0.6398122807624382
rwku_089,drr_system,177,0.07344632768361582,0.13410472798832945,0.010079928612882764,0.0,0.0,0.2,0.0,0.6,0.053689667602365605,0.09320298776486605
rwku_089,irr_system,177,0.024858757062146894,0.08429592991787359,0.006336070089957451,0.0,0.0,0.0,0.0,0.6,0.01244005968583029,0.037277454438463496
rwku_089,retention_system,177,0.4892655367231638,0.4461298508980904,0.03353317304010439,0.4,0.0,1.0,0.0,1.0,0.4235405175645592,0.5549905558817684
rwku_089,n_scored_probes,177,15.0,0.0,0.0,15.0,15.0,15.0,15.0,15.0,15.0,15.0
rwku_112,drr_target,177,0.06779661016949153,0.1755905729434971,0.013198195670772057,0.0,0.0,0.0,0.0,1.0,0.041928146654778294,0.09366507368420476
rwku_112,irr_target,177,0.025988700564971753,0.1167858368543855,0.008778161039858524,0.0,0.0,0.0,0.0,1.0,0.008783504926849046,0.04319389620309446
rwku_112,retention_target,177,0.7344632768361582,0.35515500786227955,0.026695085098499587,1.0,0.4,1.0,0.0,1.0,0.682140910043099,0.7867856436292174
rwku_112,drr_system,177,0.10056497175141244,0.18844373863221536,0.01416429876449079,0.0,0.0,0.2,0.0,1.0,0.07280294617301049,0.1283269973298144
rwku_112,irr_system,177,0.02033898305084746,0.060620825114776386,0.00455654024117758,0.0,0.0,0.0,0.0,0.2,0.011408164178139403,0.029269801923555515
rwku_112,retention_system,177,0.7050847457627119,0.33307642899202133,0.025035557487321912,0.8,0.4,1.0,0.0,1.0,0.6560150530875609,0.7541544384378628
rwku_112,n_scored_probes,177,15.0,0.0,0.0,15.0,15.0,15.0,15.0,15.0,15.0,15.0
rwku_134,drr_target,177,0.0463276836158192,0.1606116327007743,0.012072309577058626,0.0,0.0,0.0,0.0,1.0,0.022665956844784296,0.0699894103868541
rwku_134,irr_target,177,0.1367231638418079,0.2559663001059578,0.019239605277722324,0.0,0.0,0.2,0.0,1.0,0.09901353749747216,0.17443279018614366
rwku_134,retention_target,177,0.08700564971751412,0.18678063510363574,0.014039292248349355,0.0,0.0,0.2,0.0,1.0,0.05948863691074939,0.11452266252427885
rwku_134,drr_system,177,0.014689265536723164,0.06749612403032183,0.005073319353297769,0.0,0.0,0.0,0.0,0.4,0.004745559604259536,0.02463297146918679
rwku_134,irr_system,177,0.14124293785310735,0.2614310111681682,0.019650358114131683,0.0,0.0,0.2,0.0,1.0,0.10272823594940925,0.17975763975680545
rwku_134,retention_system,177,0.0327683615819209,0.09798954903761824,0.007365345531991417,0.0,0.0,0.0,0.0,0.6,0.018332284339217728,0.04720443882462408
rwku_134,n_scored_probes,177,15.0,0.0,0.0,15.0,15.0,15.0,15.0,15.0,15.0,15.0
rwku_156,drr_target,177,0.036158192090395475,0.10248579642779855,0.007703304181166129,0.0,0.0,0.0,0.0,0.6,0.02105971589530986,0.05125666828548109
rwku_156,irr_target,177,0.1672316384180791,0.3170347656483224,0.02382979223383692,0.0,0.0,0.2,0.0,1.0,0.12052524563975872,0.21393803119639945
rwku_156,retention_target,177,0.3536723163841808,0.40606280998106375,0.030521549824193403,0.2,0.0,0.8,0.0,1.0,0.29385007872876173,0.41349455403959984
rwku_156,drr_system,177,0.04067796610169492,0.09848623127313386,0.0074026784549419055,0.0,0.0,0.0,0.0,0.4,0.026168716330008786,0.05518721587338105
rwku_156,irr_system,177,0.18531073446327687,0.3330455871540005,0.025033239272817445,0.0,0.0,0.2,0.0,1.0,0.13624558548855467,0.23437588343799906
rwku_156,retention_system,177,0.24067796610169492,0.3651518881051402,0.027446496631196207,0.0,0.0,0.4,0.0,1.0,0.18688283270455036,0.2944730994988395
rwku_156,n_scored_probes,177,15.0,0.0,0.0,15.0,15.0,15.0,15.0,15.0,15.0,15.0
rwku_178,drr_target,177,0.42485875706214693,0.4175865551875998,0.03138772755541435,0.4,0.0,1.0,0.0,1.0,0.3633388110535348,0.48637870307075903
rwku_178,irr_target,177,0.004519774011299435,0.02980849680488469,0.0022405438224126595,0.0,0.0,0.0,0.0,0.2,0.00012830811937062248,0.008911239903228247
rwku_178,retention_target,177,0.6847457627118644,0.4009138251836929,0.030134528427074328,1.0,0.4,1.0,0.0,1.0,0.6256820869947987,0.7438094384289301
rwku_178,drr_system,177,0.4587570621468926,0.4212328129328483,0.03166179707054341,0.4,0.0,1.0,0.0,1.0,0.3966999398886275,0.5208141844051577
rwku_178,irr_system,177,0.0033898305084745766,0.02588941755714837,0.0019459677874137274,0.0,0.0,0.0,0.0,0.2,-0.0004242663548563292,0.007203927371805483
rwku_178,retention_system,177,0.6124293785310734,0.42488404412284037,0.031936240412671166,0.8,0.2,1.0,0.0,1.0,0.5498343473222379,0.6750244097399088
rwku_178,n_scored_probes,177,15.0,0.0,0.0,15.0,15.0,15.0,15.0,15.0,15.0,15.0
rwku_200,drr_target,177,0.08700564971751412,0.2097091193549451,0.015762702659911566,0.0,0.0,0.0,0.0,1.0,0.05611075250408745,0.11790054693094079
rwku_200,irr_target,177,0.1367231638418079,0.26123939120508977,0.019635955075718286,0.0,0.0,0.2,0.0,1.0,0.09823669189340006,0.17520963579021576
rwku_200,retention_target,177,0.1016949152542373,0.24505903191216138,0.01841976479629946,0.0,0.0,0.0,0.0,1.0,0.06559217625349036,0.13779765425498425
rwku_200,drr_system,177,0.12542372881355934,0.21814810987683375,0.016397016030524677,0.0,0.0,0.2,0.0,1.0,0.09328557739373097,0.1575618802333877
rwku_200,irr_system,177,0.0926553672316384,0.22563612069548267,0.016959849389472644,0.0,0.0,0.0,0.0,1.0,0.059414062428272026,0.1258966720350048
rwku_200,retention_system,177,0.054237288135593226,0.17121428018146892,0.012869253363576458,0.0,0.0,0.0,0.0,1.0,0.02901355154298337,0.07946102472820309
rwku_200,n_scored_probes,177,15.0,0.0,0.0,15.0,15.0,15.0,15.0,15.0,15.0,15.0
tofu_forget01,drr_target,383,0.5080939947780678,0.49384936501967386,0.025234523749261644,0.6,0.0,1.0,0.0,1.0,0.458634328229515,0.5575536613266207
tofu_forget01,irr_target,383,0.3973890339425587,0.43594210743086426,0.02227560110931613,0.0,0.0,1.0,0.0,1.0,0.3537288557682991,0.4410492121168183
tofu_forget01,retention_target,383,0.9080939947780677,0.16911309001715924,0.008641275232132819,1.0,0.8,1.0,0.2,1.0,0.8911570953230874,0.9250308942330481
tofu_forget01,drr_system,383,0.7911227154046997,0.4049750080595304,0.02069325624895464,1.0,1.0,1.0,0.0,1.0,0.7505639331567486,0.8316814976526508
tofu_forget01,irr_system,383,0.604177545691906,0.4025875597483331,0.020571263339018136,0.8,0.2,1.0,0.0,1.0,0.5638578695474304,0.6444972218363815
tofu_forget01,retention_system,383,0.9597911227154048,0.1267885993542918,0.006478594786517619,1.0,1.0,1.0,0.2,1.0,0.9470930769338303,0.9724891684969793
tofu_forget01,n_scored_probes,383,15.0,0.0,0.0,15.0,15.0,15.0,15.0,15.0,15.0,15.0
tofu_forget05,drr_target,383,0.39060052219321156,0.4304087971567073,0.021992862162148137,0.2,0.0,0.8,0.0,1.0,0.3474945123554012,0.43370653203102194
tofu_forget05,irr_target,383,0.7117493472584857,0.32688089613008653,0.016702833537603087,0.8,0.4,1.0,0.0,1.0,0.6790117935247837,0.7444869009921877
tofu_forget05,retention_target,383,0.9806788511749348,0.09567921287660772,0.004888979394656573,1.0,1.0,1.0,0.0,1.0,0.9710964515614079,0.9902612507884617
tofu_forget05,drr_system,383,0.6574412532637076,0.40808675172376846,0.02085225892256079,0.8,0.30000000000000004,1.0,0.0,1.0,0.6165708257754885,0.6983116807519267
tofu_forget05,irr_system,383,0.8579634464751958,0.24059922732448213,0.012294046213326151,1.0,0.8,1.0,0.0,1.0,0.8338671158970766,0.8820597770533151
tofu_forget05,retention_system,383,0.97911227154047,0.10526578393696237,0.005378830292990453,1.0,1.0,1.0,0.0,1.0,0.9685697641662087,0.9896547789147313
tofu_forget05,n_scored_probes,383,15.0,0.0,0.0,15.0,15.0,15.0,15.0,15.0,15.0,15.0
tofu_forget10,drr_target,383,0.47362924281984337,0.48722866083434624,0.024896221568808642,0.2,0.0,1.0,0.0,1.0,0.42483264854497843,0.5224258370947084
tofu_forget10,irr_target,383,0.6819843342036553,0.4606667484821123,0.02353897125007724,1.0,0.0,1.0,0.0,1.0,0.635847950553504,0.7281207178538067
tofu_forget10,retention_target,383,0.8407310704960835,0.26647100026033055,0.013616032055221812,1.0,0.8,1.0,0.0,1.0,0.8140436476678488,0.8674184933243183
tofu_forget10,drr_system,383,0.7691906005221932,0.40415527926076933,0.020651370064005373,1.0,0.8,1.0,0.0,1.0,0.7287139151967427,0.8096672858476438
tofu_forget10,irr_system,383,0.783289817232376,0.4079480475543052,0.020845171470583804,1.0,1.0,1.0,0.0,1.0,0.7424332811500317,0.8241463533147203
tofu_forget10,retention_system,383,0.8590078328981723,0.27451252833110623,0.014026934944758299,1.0,0.8,1.0,0.0,1.0,0.831515040406446,0.8865006253898986
tofu_forget10,n_scored_probes,383,15.0,0.0,0.0,15.0,15.0,15.0,15.0,15.0,15.0,15.0
wmdp_bio,drr_target,18,0.011111111111111112,0.047140452079103175,0.011111111111111113,0.0,0.0,0.0,0.0,0.2,-0.01066666666666667,0.03288888888888889
wmdp_bio,drr_system,18,0.03333333333333334,0.07669649888473705,0.018077538151554683,0.0,0.0,0.0,0.0,0.2,-0.002098641443713835,0.06876530811038051
wmdp_bio,n_scored_probes,18,5.0,0.0,0.0,5.0,5.0,5.0,5.0,5.0,5.0,5.0
wmdp_cyber,drr_target,18,0.022222222222222223,0.09428090415820635,0.022222222222222227,0.0,0.0,0.0,0.0,0.4,-0.02133333333333334,0.06577777777777778
wmdp_cyber,drr_system,18,0.044444444444444446,0.10966377611066325,0.0258479999127911,0.0,0.0,0.0,0.0,0.4,-0.006217635384626108,0.095106524273515
wmdp_cyber,n_scored_probes,18,5.0,0.0,0.0,5.0,5.0,5.0,5.0,5.0,5.0,5.0
