benchmark,intervention,metric,n,mean,std,sem,median,q25,q75,min,max,ci95_low,ci95_high
MUSE-Books,communication,drr_target,15,0.04000000000000001,0.1121223821162776,0.02894987457822983,0.0,0.0,0.0,0.0,0.4,-0.01674175417333046,0.09674175417333047
MUSE-Books,communication,retention_target,15,0.0,0.0,0.0,0.0,0.0,0.0,0.0,0.0,0.0,0.0
MUSE-Books,communication,drr_system,15,0.09333333333333334,0.16676187756655841,0.04305773163983739,0.0,0.0,0.1,0.0,0.4,0.008940179319252048,0.17772648734741464
MUSE-Books,communication,retention_system,15,0.0,0.0,0.0,0.0,0.0,0.0,0.0,0.0,0.0,0.0
MUSE-Books,communication,n_scored_probes,15,10.0,0.0,0.0,10.0,10.0,10.0,10.0,10.0,10.0,10.0
MUSE-Books,full_inference,drr_target,29,0.0,0.0,0.0,0.0,0.0,0.0,0.0,0.0,0.0,0.0
MUSE-Books,full_inference,retention_target,29,0.16551724137931034,0.30269723448281916,0.05620946532254547,0.0,0.0,0.2,0.0,1.0,0.055346689347121225,0.27568779341149946
MUSE-Books,full_inference,drr_system,29,0.10344827586206896,0.21125941842180948,0.03922988914692521,0.0,0.0,0.0,0.0,0.8,0.026557693134095547,0.1803388585900424
MUSE-Books,full_inference,retention_system,29,0.08275862068965519,0.23614306425984558,0.043850666175897314,0.0,0.0,0.0,0.0,1.0,-0.003188685015103554,0.16870592639441392
MUSE-Books,full_inference,n_scored_probes,29,10.0,0.0,0.0,10.0,10.0,10.0,10.0,10.0,10.0,10.0
MUSE-Books,global_context,drr_target,15,0.0,0.0,0.0,0.0,0.0,0.0,0.0,0.0,0.0,0.0
MUSE-Books,global_context,retention_target,15,0.08000000000000002,0.16561573424216505,0.04276179870598791,0.0,0.0,0.0,0.0,0.4,-0.003813125463736286,0.16381312546373633
MUSE-Books,global_context,drr_system,15,0.0,0.0,0.0,0.0,0.0,0.0,0.0,0.0,0.0,0.0
MUSE-Books,global_context,retention_system,15,0.08000000000000002,0.16561573424216505,0.04276179870598791,0.0,0.0,0.0,0.0,0.4,-0.003813125463736286,0.16381312546373633
MUSE-Books,global_context,n_scored_probes,15,10.0,0.0,0.0,10.0,10.0,10.0,10.0,10.0,10.0,10.0
MUSE-Books,none,drr_target,29,0.027586206896551727,0.07018624063435965,0.013033257689973354,0.0,0.0,0.0,0.0,0.2,0.0020410218242039556,0.0531313919688995
MUSE-Books,none,retention_target,29,0.09655172413793106,0.24272671084500666,0.045073218654966996,0.0,0.0,0.0,0.0,1.0,0.008208215574195751,0.18489523270166636
MUSE-Books,none,drr_system,29,0.048275862068965524,0.11532776166577345,0.02141582770372824,0.0,0.0,0.0,0.0,0.4,0.006300839769658173,0.09025088436827287
MUSE-Books,none,retention_system,29,0.05517241379310344,0.19925971368426923,0.03700159991766291,0.0,0.0,0.0,0.0,1.0,-0.01735072204551586,0.12769554963172275
MUSE-Books,none,n_scored_probes,29,10.0,0.0,0.0,10.0,10.0,10.0,10.0,10.0,10.0,10.0
MUSE-Books,target_context,drr_target,15,0.02666666666666667,0.10327955589886445,0.026666666666666665,0.0,0.0,0.0,0.0,0.4,-0.025599999999999994,0.07893333333333333
MUSE-Books,target_context,retention_target,15,0.05333333333333334,0.14074631010979932,0.036340541006359826,0.0,0.0,0.0,0.0,0.4,-0.017894127039131923,0.12456079370579859
MUSE-Books,target_context,drr_system,15,0.10666666666666667,0.1667618775665584,0.043057731639837386,0.0,0.0,0.2,0.0,0.4,0.022273512652585398,0.19105982068074795
MUSE-Books,target_context,retention_system,15,0.02666666666666667,0.10327955589886445,0.026666666666666665,0.0,0.0,0.0,0.0,0.4,-0.025599999999999994,0.07893333333333333
MUSE-Books,target_context,n_scored_probes,15,10.0,0.0,0.0,10.0,10.0,10.0,10.0,10.0,10.0,10.0
MUSE-Books,target_context_comm,drr_target,15,0.0,0.0,0.0,0.0,0.0,0.0,0.0,0.0,0.0,0.0
MUSE-Books,target_context_comm,retention_target,15,0.05333333333333334,0.14074631010979932,0.036340541006359826,0.0,0.0,0.0,0.0,0.4,-0.017894127039131923,0.12456079370579859
MUSE-Books,target_context_comm,drr_system,15,0.14666666666666667,0.24455985731416313,0.06314508363524106,0.0,0.0,0.30000000000000004,0.0,0.8,0.022902302741594188,0.2704310305917391
MUSE-Books,target_context_comm,retention_system,15,0.02666666666666667,0.10327955589886445,0.026666666666666665,0.0,0.0,0.0,0.0,0.4,-0.025599999999999994,0.07893333333333333
MUSE-Books,target_context_comm,n_scored_probes,15,10.0,0.0,0.0,10.0,10.0,10.0,10.0,10.0,10.0,10.0
MUSE-Books,target_context_memory,drr_target,29,0.06206896551724137,0.1612757024996288,0.02994814611541018,0.0,0.0,0.0,0.0,0.6,0.003370599131037419,0.12076733190344532
MUSE-Books,target_context_memory,retention_target,29,0.13793103448275862,0.27827760176722854,0.051674853367264476,0.0,0.0,0.2,0.0,1.0,0.03664832188292025,0.239213747082597
MUSE-Books,target_context_memory,drr_system,29,0.10344827586206898,0.1741976681422771,0.032347694895334005,0.0,0.0,0.2,0.0,0.4,0.040046793867214325,0.16684975785692363
MUSE-Books,target_context_memory,retention_system,29,0.08275862068965519,0.23614306425984558,0.043850666175897314,0.0,0.0,0.0,0.0,1.0,-0.003188685015103554,0.16870592639441392
MUSE-Books,target_context_memory,n_scored_probes,29,10.0,0.0,0.0,10.0,10.0,10.0,10.0,10.0,10.0,10.0
MUSE-Books,target_memory,drr_target,15,0.013333333333333334,0.051639777949432225,0.013333333333333332,0.0,0.0,0.0,0.0,0.2,-0.012799999999999997,0.039466666666666664
MUSE-Books,target_memory,retention_target,15,0.0,0.0,0.0,0.0,0.0,0.0,0.0,0.0,0.0,0.0
MUSE-Books,target_memory,drr_system,15,0.08000000000000002,0.16561573424216505,0.04276179870598791,0.0,0.0,0.0,0.0,0.4,-0.003813125463736286,0.16381312546373633
MUSE-Books,target_memory,retention_system,15,0.0,0.0,0.0,0.0,0.0,0.0,0.0,0.0,0.0,0.0
MUSE-Books,target_memory,n_scored_probes,15,10.0,0.0,0.0,10.0,10.0,10.0,10.0,10.0,10.0,10.0
MUSE-Books,target_memory_comm,drr_target,15,0.0,0.0,0.0,0.0,0.0,0.0,0.0,0.0,0.0,0.0
MUSE-Books,target_memory_comm,retention_target,15,0.0,0.0,0.0,0.0,0.0,0.0,0.0,0.0,0.0,0.0
MUSE-Books,target_memory_comm,drr_system,15,0.06666666666666667,0.14474937289114914,0.03737412737209253,0.0,0.0,0.0,0.0,0.4,-0.006586622982634696,0.13991995631596804
MUSE-Books,target_memory_comm,retention_system,15,0.0,0.0,0.0,0.0,0.0,0.0,0.0,0.0,0.0,0.0
MUSE-Books,target_memory_comm,n_scored_probes,15,10.0,0.0,0.0,10.0,10.0,10.0,10.0,10.0,10.0,10.0
MUSE-News,communication,drr_target,15,0.0,0.0,0.0,0.0,0.0,0.0,0.0,0.0,0.0,0.0
MUSE-News,communication,retention_target,15,0.04000000000000001,0.1121223821162776,0.02894987457822983,0.0,0.0,0.0,0.0,0.4,-0.01674175417333046,0.09674175417333047
MUSE-News,communication,drr_system,15,0.0,0.0,0.0,0.0,0.0,0.0,0.0,0.0,0.0,0.0
MUSE-News,communication,retention_system,15,0.10666666666666667,0.22509257354845516,0.05811865258054233,0.0,0.0,0.1,0.0,0.8,-0.0072458923911962875,0.22057922572452965
MUSE-News,communication,n_scored_probes,15,10.0,0.0,0.0,10.0,10.0,10.0,10.0,10.0,10.0,10.0
MUSE-News,full_inference,drr_target,106,0.0,0.0,0.0,0.0,0.0,0.0,0.0,0.0,0.0,0.0
MUSE-News,full_inference,retention_target,106,0.011320754716981131,0.046436346021257215,0.004510296638997713,0.0,0.0,0.0,0.0,0.2,0.0024805733045456142,0.02016093612941665
MUSE-News,full_inference,drr_system,106,0.0,0.0,0.0,0.0,0.0,0.0,0.0,0.0,0.0,0.0
MUSE-News,full_inference,retention_system,106,0.016981132075471698,0.08780031252054973,0.008527920226175944,0.0,0.0,0.0,0.0,0.8,0.0002664084321668467,0.03369585571877655
MUSE-News,full_inference,n_scored_probes,106,10.0,0.0,0.0,10.0,10.0,10.0,10.0,10.0,10.0,10.0
MUSE-News,global_context,drr_target,15,0.0,0.0,0.0,0.0,0.0,0.0,0.0,0.0,0.0,0.0
MUSE-News,global_context,retention_target,15,0.05333333333333334,0.09154754164341268,0.02363747361141115,0.0,0.0,0.1,0.0,0.2,0.007003885054967483,0.0996627816116992
MUSE-News,global_context,drr_system,15,0.0,0.0,0.0,0.0,0.0,0.0,0.0,0.0,0.0,0.0
MUSE-News,global_context,retention_system,15,0.12000000000000002,0.23664319132398462,0.06110100926607786,0.0,0.0,0.1,0.0,0.8,0.0002420218384874273,0.23975797816151262
MUSE-News,global_context,n_scored_probes,15,10.0,0.0,0.0,10.0,10.0,10.0,10.0,10.0,10.0,10.0
MUSE-News,none,drr_target,29,0.0,0.0,0.0,0.0,0.0,0.0,0.0,0.0,0.0,0.0
MUSE-News,none,retention_target,29,0.034482758620689655,0.1078221487614989,0.020022070377242934,0.0,0.0,0.0,0.0,0.4,-0.004760499318706493,0.0737260165600858
MUSE-News,none,drr_system,29,0.0,0.0,0.0,0.0,0.0,0.0,0.0,0.0,0.0,0.0
MUSE-News,none,retention_system,29,0.06896551724137931,0.1794902470009803,0.033330502116329604,0.0,0.0,0.0,0.0,0.8,0.0036377330933732854,0.13429330138938533
MUSE-News,none,n_scored_probes,29,10.0,0.0,0.0,10.0,10.0,10.0,10.0,10.0,10.0,10.0
MUSE-News,parameter_only,drr_target,20,0.0,0.0,0.0,0.0,0.0,0.0,0.0,0.0,0.0,0.0
MUSE-News,parameter_only,retention_target,20,0.12,0.19894458366193601,0.04448536128234829,0.0,0.0,0.25,0.0,0.6,0.03280869188659735,0.20719130811340264
MUSE-News,parameter_only,drr_system,20,0.0,0.0,0.0,0.0,0.0,0.0,0.0,0.0,0.0,0.0
MUSE-News,parameter_only,retention_system,20,0.2,0.27529888064467417,0.06155870112510926,0.0,0.0,0.4,0.0,0.8,0.07934494579478588,0.3206550542052141
MUSE-News,parameter_only,n_scored_probes,20,10.0,0.0,0.0,10.0,10.0,10.0,10.0,10.0,10.0,10.0
MUSE-News,parameter_plus_comm,drr_target,20,0.0,0.0,0.0,0.0,0.0,0.0,0.0,0.0,0.0,0.0
MUSE-News,parameter_plus_comm,retention_target,20,0.12,0.19894458366193601,0.04448536128234829,0.0,0.0,0.25,0.0,0.6,0.03280869188659735,0.20719130811340264
MUSE-News,parameter_plus_comm,drr_system,20,0.0,0.0,0.0,0.0,0.0,0.0,0.0,0.0,0.0,0.0
MUSE-News,parameter_plus_comm,retention_system,20,0.2,0.27529888064467417,0.06155870112510926,0.0,0.0,0.4,0.0,0.8,0.07934494579478588,0.3206550542052141
MUSE-News,parameter_plus_comm,n_scored_probes,20,10.0,0.0,0.0,10.0,10.0,10.0,10.0,10.0,10.0,10.0
MUSE-News,target_context,drr_target,15,0.0,0.0,0.0,0.0,0.0,0.0,0.0,0.0,0.0,0.0
MUSE-News,target_context,retention_target,15,0.06666666666666667,0.12344267996967354,0.03187276291558383,0.0,0.0,0.1,0.0,0.4,0.004196051352122358,0.12913728198121097
MUSE-News,target_context,drr_system,15,0.0,0.0,0.0,0.0,0.0,0.0,0.0,0.0,0.0,0.0
MUSE-News,target_context,retention_system,15,0.13333333333333333,0.24688535993934707,0.06374552583116766,0.0,0.0,0.2,0.0,0.8,0.008392102704244717,0.25827456396242193
MUSE-News,target_context,n_scored_probes,15,10.0,0.0,0.0,10.0,10.0,10.0,10.0,10.0,10.0,10.0
MUSE-News,target_context_comm,drr_target,27,0.0,0.0,0.0,0.0,0.0,0.0,0.0,0.0,0.0,0.0
MUSE-News,target_context_comm,retention_target,27,0.037037037037037035,0.09666814027759792,0.018603792270443887,0.0,0.0,0.0,0.0,0.4,0.0005736041869670166,0.07350046988710705
MUSE-News,target_context_comm,drr_system,27,0.0,0.0,0.0,0.0,0.0,0.0,0.0,0.0,0.0,0.0
MUSE-News,target_context_comm,retention_system,27,0.07407407407407407,0.19333628055519583,0.037207584540887774,0.0,0.0,0.0,0.0,0.8,0.0011472083739340333,0.1470009397742141
MUSE-News,target_context_comm,n_scored_probes,27,10.0,0.0,0.0,10.0,10.0,10.0,10.0,10.0,10.0,10.0
MUSE-News,target_context_memory,drr_target,106,0.0,0.0,0.0,0.0,0.0,0.0,0.0,0.0,0.0,0.0
MUSE-News,target_context_memory,retention_target,106,0.01320754716981132,0.057030437484211986,0.005539285765246488,0.0,0.0,0.0,0.0,0.4,0.0023505470699282036,0.024064547269694436
MUSE-News,target_context_memory,drr_system,106,0.0,0.0,0.0,0.0,0.0,0.0,0.0,0.0,0.0,0.0
MUSE-News,target_context_memory,retention_system,106,0.016981132075471698,0.08780031252054973,0.008527920226175944,0.0,0.0,0.0,0.0,0.8,0.0002664084321668467,0.03369585571877655
MUSE-News,target_context_memory,n_scored_probes,106,10.0,0.0,0.0,10.0,10.0,10.0,10.0,10.0,10.0,10.0
MUSE-News,target_memory,drr_target,15,0.0,0.0,0.0,0.0,0.0,0.0,0.0,0.0,0.0,0.0
MUSE-News,target_memory,retention_target,15,0.05333333333333334,0.11872336794093276,0.03065424178939254,0.0,0.0,0.0,0.0,0.4,-0.006748980573876039,0.1134156472405427
MUSE-News,target_memory,drr_system,15,0.0,0.0,0.0,0.0,0.0,0.0,0.0,0.0,0.0,0.0
MUSE-News,target_memory,retention_system,15,0.13333333333333333,0.24688535993934707,0.06374552583116766,0.0,0.0,0.2,0.0,0.8,0.008392102704244717,0.25827456396242193
MUSE-News,target_memory,n_scored_probes,15,10.0,0.0,0.0,10.0,10.0,10.0,10.0,10.0,10.0,10.0
MUSE-News,target_memory_comm,drr_target,15,0.0,0.0,0.0,0.0,0.0,0.0,0.0,0.0,0.0,0.0
MUSE-News,target_memory_comm,retention_target,15,0.05333333333333334,0.11872336794093276,0.03065424178939254,0.0,0.0,0.0,0.0,0.4,-0.006748980573876039,0.1134156472405427
MUSE-News,target_memory_comm,drr_system,15,0.0,0.0,0.0,0.0,0.0,0.0,0.0,0.0,0.0,0.0
MUSE-News,target_memory_comm,retention_system,15,0.13333333333333333,0.24688535993934707,0.06374552583116766,0.0,0.0,0.2,0.0,0.8,0.008392102704244717,0.25827456396242193
MUSE-News,target_memory_comm,n_scored_probes,15,10.0,0.0,0.0,10.0,10.0,10.0,10.0,10.0,10.0,10.0
RWKU,communication,drr_target,150,0.17333333333333334,0.3165812907398863,0.025848754147480352,0.0,0.0,0.2,0.0,1.0,0.12266977520427186,0.22399689146239482
RWKU,communication,irr_target,150,0.02666666666666667,0.09739331913933005,0.007952131208246584,0.0,0.0,0.0,0.0,0.8,0.011080489498503363,0.042252843834829974
RWKU,communication,retention_target,150,0.21066666666666664,0.35277360587526546,0.02880384430386994,0.0,0.0,0.4,0.0,1.0,0.15421113183108157,0.26712220150225174
RWKU,communication,drr_system,150,0.16933333333333334,0.31064917234302253,0.02536439870861058,0.0,0.0,0.2,0.0,1.0,0.1196191118644566,0.21904755480221005
RWKU,communication,irr_system,150,0.028,0.0956222994968947,0.007807528059966154,0.0,0.0,0.0,0.0,0.8,0.012697245002466339,0.043302754997533666
RWKU,communication,retention_system,150,0.15733333333333335,0.30616630710491965,0.024998374294643504,0.0,0.0,0.2,0.0,1.0,0.10833651971583208,0.20633014695083463
RWKU,communication,n_scored_probes,150,15.0,0.0,0.0,15.0,15.0,15.0,15.0,15.0,15.0,15.0
RWKU,full_inference,drr_target,367,0.0653950953678474,0.19579261437738485,0.010220291277667083,0.0,0.0,0.0,0.0,1.0,0.045363324463619924,0.08542686627207488
RWKU,full_inference,irr_target,367,0.01634877384196185,0.08718279516672192,0.004550904863488065,0.0,0.0,0.0,0.0,1.0,0.0074290003095252456,0.02526854737439846
RWKU,full_inference,retention_target,367,0.3291553133514986,0.4027163171464599,0.021021620639749636,0.2,0.0,0.8,0.0,1.0,0.28795293689758933,0.3703576898054079
RWKU,full_inference,drr_system,367,0.10681198910081745,0.23823674928173394,0.012435857085041833,0.0,0.0,0.0,0.0,1.0,0.08243770921413546,0.13118626898749944
RWKU,full_inference,irr_system,367,0.029427792915531336,0.12013403075590995,0.006270945360171021,0.0,0.0,0.0,0.0,1.0,0.017136740009596134,0.04171884582146654
RWKU,full_inference,retention_system,367,0.21525885558583105,0.3672172359577898,0.019168583685360476,0.0,0.0,0.4,0.0,1.0,0.1776884315625245,0.2528292796091376
RWKU,full_inference,n_scored_probes,367,15.0,0.0,0.0,15.0,15.0,15.0,15.0,15.0,15.0,15.0
RWKU,global_context,drr_target,150,0.09466666666666668,0.21198539479469797,0.017308535005648506,0.0,0.0,0.0,0.0,1.0,0.06074193805559561,0.12859139527773775
RWKU,global_context,irr_target,150,0.022666666666666665,0.11000101687551135,0.008981545417742811,0.0,0.0,0.0,0.0,1.0,0.0050628376478907555,0.040270495685442574
RWKU,global_context,retention_target,150,0.292,0.37693928088819567,0.03077696340625675,0.0,0.0,0.4,0.0,1.0,0.23167715172373676,0.3523228482762632
RWKU,global_context,drr_system,150,0.084,0.1928521358676767,0.01574631095605673,0.0,0.0,0.0,0.0,1.0,0.053137230526128815,0.1148627694738712
RWKU,global_context,irr_system,150,0.017333333333333333,0.09535990931335117,0.007786103991192925,0.0,0.0,0.0,0.0,1.0,0.0020725695105951996,0.032594097156071464
RWKU,global_context,retention_system,150,0.236,0.3491658324113199,0.028509270834062607,0.0,0.0,0.4,0.0,1.0,0.18012182916523728,0.2918781708347627
RWKU,global_context,n_scored_probes,150,15.0,0.0,0.0,15.0,15.0,15.0,15.0,15.0,15.0,15.0
RWKU,none,drr_target,290,0.2372413793103448,0.37350760984752085,0.02193312206450734,0.0,0.0,0.4,0.0,1.0,0.19425246006391042,0.28023029855677917
RWKU,none,irr_target,290,0.05172413793103448,0.17032574054690877,0.010001871875296019,0.0,0.0,0.0,0.0,1.0,0.032120469055454286,0.07132780680661469
RWKU,none,retention_target,290,0.29379310344827586,0.40994905408098253,0.02407303735272796,0.0,0.0,0.6,0.0,1.0,0.24660995023692905,0.34097625665962267
RWKU,none,drr_system,290,0.2013793103448276,0.33811736192557296,0.01985493514916674,0.0,0.0,0.2,0.0,1.0,0.16246363745246079,0.2402949832371944
RWKU,none,irr_system,290,0.04413793103448276,0.15423698211889397,0.009057107449714231,0.0,0.0,0.0,0.0,1.0,0.02638600043304287,0.06188986163592265
RWKU,none,retention_system,290,0.21724137931034482,0.3665692110872407,0.021525685260198116,0.0,0.0,0.4,0.0,1.0,0.1750510362003565,0.25943172242033313
RWKU,none,n_scored_probes,290,15.0,0.0,0.0,15.0,15.0,15.0,15.0,15.0,15.0,15.0
RWKU,parameter_only,drr_target,20,0.12000000000000002,0.25464113034456526,0.056939487731783235,0.0,0.0,0.2,0.0,1.0,0.008398604045704888,0.23160139595429516
RWKU,parameter_only,irr_target,20,0.0,0.0,0.0,0.0,0.0,0.0,0.0,0.0,0.0,0.0
RWKU,parameter_only,retention_target,20,0.08,0.13611140947574413,0.030435436410107288,0.0,0.0,0.2,0.0,0.4,0.02034654463618972,0.1396534553638103
RWKU,parameter_only,drr_system,20,0.13999999999999999,0.24365635853109105,0.05448321808255804,0.0,0.0,0.2,0.0,1.0,0.03321289255818624,0.24678710744181373
RWKU,parameter_only,irr_system,20,0.0,0.0,0.0,0.0,0.0,0.0,0.0,0.0,0.0,0.0
RWKU,parameter_only,retention_system,20,0.08,0.13611140947574413,0.030435436410107288,0.0,0.0,0.2,0.0,0.4,0.02034654463618972,0.1396534553638103
RWKU,parameter_only,n_scored_probes,20,15.0,0.0,0.0,15.0,15.0,15.0,15.0,15.0,15.0,15.0
RWKU,parameter_plus_comm,drr_target,20,0.1,0.2384158242717079,0.05331139899831831,0.0,0.0,0.05,0.0,1.0,-0.004490342036703884,0.2044903420367039
RWKU,parameter_plus_comm,irr_target,20,0.0,0.0,0.0,0.0,0.0,0.0,0.0,0.0,0.0,0.0
RWKU,parameter_plus_comm,retention_target,20,0.08,0.13611140947574413,0.030435436410107288,0.0,0.0,0.2,0.0,0.4,0.02034654463618972,0.1396534553638103
RWKU,parameter_plus_comm,drr_system,20,0.13999999999999999,0.24365635853109105,0.05448321808255804,0.0,0.0,0.2,0.0,1.0,0.03321289255818624,0.24678710744181373
RWKU,parameter_plus_comm,irr_system,20,0.0,0.0,0.0,0.0,0.0,0.0,0.0,0.0,0.0,0.0
RWKU,parameter_plus_comm,retention_system,20,0.08,0.13611140947574413,0.030435436410107288,0.0,0.0,0.2,0.0,0.4,0.02034654463618972,0.1396534553638103
RWKU,parameter_plus_comm,n_scored_probes,20,15.0,0.0,0.0,15.0,15.0,15.0,15.0,15.0,15.0,15.0
RWKU,target_context,drr_target,150,0.10800000000000001,0.24039118008589094,0.019627857662531122,0.0,0.0,0.0,0.0,1.0,0.069529398981439,0.14647060101856102
RWKU,target_context,irr_target,150,0.023999999999999997,0.09245350727101384,0.007548797258155946,0.0,0.0,0.0,0.0,0.8,0.009204357374014344,0.03879564262598565
RWKU,target_context,retention_target,150,0.28,0.36929099491616973,0.030152483471645085,0.0,0.0,0.4,0.0,1.0,0.22090113239557566,0.33909886760442437
RWKU,target_context,drr_system,150,0.1373333333333333,0.2581676960506801,0.021079304113136868,0.0,0.0,0.2,0.0,1.0,0.09601789727158505,0.17864876939508156
RWKU,target_context,irr_system,150,0.021333333333333336,0.08715231337761123,0.007115956589276128,0.0,0.0,0.0,0.0,0.8,0.007386058418352125,0.03528060824831455
RWKU,target_context,retention_system,150,0.19066666666666668,0.3320359539573357,0.027110622115124047,0.0,0.0,0.2,0.0,1.0,0.13752984732102355,0.2438034860123098
RWKU,target_context,n_scored_probes,150,15.0,0.0,0.0,15.0,15.0,15.0,15.0,15.0,15.0,15.0
RWKU,target_context_comm,drr_target,162,0.08518518518518518,0.19662437696701637,0.015448270033328586,0.0,0.0,0.0,0.0,1.0,0.05490657591986116,0.11546379445050921
RWKU,target_context_comm,irr_target,162,0.009876543209876543,0.04884997510213785,0.0038380165172795205,0.0,0.0,0.0,0.0,0.4,0.0023540308360086833,0.017399055583744404
RWKU,target_context_comm,retention_target,162,0.262962962962963,0.3719829170072244,0.029225738122373456,0.0,0.0,0.4,0.0,1.0,0.20568051624311104,0.320245409682815
RWKU,target_context_comm,drr_system,162,0.13703703703703707,0.25559305992990894,0.02008128732229536,0.0,0.0,0.2,0.0,1.0,0.09767771388533816,0.17639636018873597
RWKU,target_context_comm,irr_system,162,0.019753086419753086,0.09512300384228865,0.0074735690070795915,0.0,0.0,0.0,0.0,1.0,0.005104891165877087,0.03440128167362909
RWKU,target_context_comm,retention_system,162,0.1765432098765432,0.31711886398905265,0.024915211018759285,0.0,0.0,0.2,0.0,1.0,0.127709396279775,0.2253770234733114
RWKU,target_context_comm,n_scored_probes,162,15.0,0.0,0.0,15.0,15.0,15.0,15.0,15.0,15.0,15.0
RWKU,target_context_memory,drr_target,367,0.12370572207084468,0.27273037696428504,0.014236409793631605,0.0,0.0,0.0,0.0,1.0,0.09580235887532673,0.15160908526636263
RWKU,target_context_memory,irr_target,367,0.03760217983651226,0.1529410215109377,0.007983456337800846,0.0,0.0,0.0,0.0,1.0,0.021954605414422602,0.05324975425860192
RWKU,target_context_memory,retention_target,367,0.32588555858310625,0.3999456492906306,0.02087699295493991,0.2,0.0,0.6,0.0,1.0,0.28496665239142405,0.36680446477478845
RWKU,target_context_memory,drr_system,367,0.12098092643051772,0.25940477719775934,0.013540819147903775,0.0,0.0,0.0,0.0,1.0,0.09444092090062632,0.1475209319604091
RWKU,target_context_memory,irr_system,367,0.033787465940054495,0.13691602689861793,0.007146958428103026,0.0,0.0,0.0,0.0,1.0,0.019779427420972565,0.047795504459136426
RWKU,target_context_memory,retention_system,367,0.21416893732970027,0.36666538074495914,0.019139777077735547,0.0,0.0,0.4,0.0,1.0,0.17665497425733862,0.2516829004020619
RWKU,target_context_memory,n_scored_probes,367,15.0,0.0,0.0,15.0,15.0,15.0,15.0,15.0,15.0,15.0
RWKU,target_memory,drr_target,150,0.17333333333333334,0.3027096126978573,0.024716136378175664,0.0,0.0,0.2,0.0,1.0,0.12488970603210904,0.22177696063455765
RWKU,target_memory,irr_target,150,0.034666666666666665,0.11757428990443632,0.00959990057119775,0.0,0.0,0.0,0.0,1.0,0.015850861547119073,0.05348247178621426
RWKU,target_memory,retention_target,150,0.204,0.3385480248069263,0.02764233047346903,0.0,0.0,0.35000000000000003,0.0,1.0,0.1498210322720007,0.2581789677279993
RWKU,target_memory,drr_system,150,0.16399999999999998,0.297704867141038,0.024307500614620045,0.0,0.0,0.2,0.0,1.0,0.11635729879534469,0.21164270120465528
RWKU,target_memory,irr_system,150,0.03333333333333333,0.10469942062919683,0.008548671896885305,0.0,0.0,0.0,0.0,0.8,0.016577936415438137,0.05008873025122853
RWKU,target_memory,retention_system,150,0.152,0.2991531672064737,0.024425753819778614,0.0,0.0,0.2,0.0,1.0,0.10412552251323391,0.19987447748676607
RWKU,target_memory,n_scored_probes,150,15.0,0.0,0.0,15.0,15.0,15.0,15.0,15.0,15.0,15.0
RWKU,target_memory_comm,drr_target,150,0.172,0.3039162724684892,0.024814659735882063,0.0,0.0,0.2,0.0,1.0,0.12336326691767115,0.22063673308232884
RWKU,target_memory_comm,irr_target,150,0.030666666666666672,0.0947951990024547,0.007739995587386765,0.0,0.0,0.0,0.0,0.6,0.015496275315388613,0.04583705801794473
RWKU,target_memory_comm,retention_target,150,0.21733333333333335,0.3536476589299959,0.028875210436943625,0.0,0.0,0.4,0.0,1.0,0.16073792087692385,0.27392874578974286
RWKU,target_memory_comm,drr_system,150,0.16666666666666666,0.29801731102970863,0.02433301155130318,0.0,0.0,0.2,0.0,1.0,0.11897396402611243,0.21435936930722088
RWKU,target_memory_comm,irr_system,150,0.028,0.08364193418592386,0.006829335328498872,0.0,0.0,0.0,0.0,0.4,0.014614502756142211,0.04138549724385779
RWKU,target_memory_comm,retention_system,150,0.152,0.2991531672064737,0.024425753819778614,0.0,0.0,0.2,0.0,1.0,0.10412552251323391,0.19987447748676607
RWKU,target_memory_comm,n_scored_probes,150,15.0,0.0,0.0,15.0,15.0,15.0,15.0,15.0,15.0,15.0
TOFU,communication,drr_target,45,0.9377777777777778,0.1849924923401548,0.02757705254664635,1.0,1.0,1.0,0.0,1.0,0.883726754786351,0.9918288007692047
TOFU,communication,irr_target,45,0.9466666666666665,0.1159937302380842,0.017291324385075274,1.0,1.0,1.0,0.6,1.0,0.912775670871919,0.9805576624614141
TOFU,communication,retention_target,45,0.9111111111111111,0.19796949055831606,0.02951154922395983,1.0,1.0,1.0,0.2,1.0,0.8532684746321498,0.9689537475900724
TOFU,communication,drr_system,45,0.9688888888888889,0.1124565011302799,0.016764025402605853,1.0,1.0,1.0,0.4,1.0,0.9360313990997814,1.0017463786779963
TOFU,communication,irr_system,45,0.9155555555555556,0.18334710692062098,0.02733177297016204,1.0,1.0,1.0,0.2,1.0,0.861985280534038,0.9691258305770731
TOFU,communication,retention_system,45,0.9111111111111111,0.22383254924387136,0.03336698637909103,1.0,1.0,1.0,0.0,1.0,0.8457118178080927,0.9765104044141295
TOFU,communication,n_scored_probes,45,15.0,0.0,0.0,15.0,15.0,15.0,15.0,15.0,15.0,15.0
TOFU,full_inference,drr_target,318,0.015094339622641511,0.06171950312219676,0.0034610578715324933,0.0,0.0,0.0,0.0,0.6,0.008310666194437825,0.021878013050845198
TOFU,full_inference,irr_target,318,0.3742138364779874,0.429174813305454,0.02406692845393504,0.2,0.0,0.95,0.0,1.0,0.3270426567082747,0.4213850162477001
TOFU,full_inference,retention_target,318,0.8836477987421384,0.2164742468233252,0.012139272969656894,1.0,0.8,1.0,0.0,1.0,0.8598548237216109,0.9074407737626659
TOFU,full_inference,drr_system,318,0.6201257861635221,0.4474646240834713,0.025092570112727506,0.8,0.0,1.0,0.0,1.0,0.5709443487425762,0.669307223584468
TOFU,full_inference,irr_system,318,0.6823899371069182,0.40079331287591713,0.022475372940711474,1.0,0.4,1.0,0.0,1.0,0.6383382061431238,0.7264416680707126
TOFU,full_inference,retention_system,318,0.9295597484276731,0.19344248458282604,0.010847715877242843,1.0,1.0,1.0,0.0,1.0,0.9082982253082771,0.9508212715470691
TOFU,full_inference,n_scored_probes,318,15.0,0.0,0.0,15.0,15.0,15.0,15.0,15.0,15.0,15.0
TOFU,global_context,drr_target,45,0.022222222222222223,0.09744203145947593,0.014525800413937414,0.0,0.0,0.0,0.0,0.6,-0.006248346589095108,0.050692791033539554
TOFU,global_context,irr_target,45,0.28888888888888886,0.3803241573269632,0.05669537795122762,0.0,0.0,0.4,0.0,1.0,0.1777659481044827,0.400011829673295
TOFU,global_context,retention_target,45,0.8355555555555554,0.26038045202737437,0.038815226049688796,1.0,0.8,1.0,0.0,1.0,0.7594777124981653,0.9116333986129455
TOFU,global_context,drr_system,45,0.017777777777777778,0.09363587329478361,0.013958411854646222,0.0,0.0,0.0,0.0,0.6,-0.009580709457328817,0.04513626501288437
TOFU,global_context,irr_system,45,0.31999999999999995,0.3986340312982459,0.05942485280851044,0.2,0.0,0.6,0.0,1.0,0.20352728849531948,0.4364727115046804
TOFU,global_context,retention_system,45,0.8266666666666668,0.2783065673938462,0.041487493551817765,1.0,0.8,1.0,0.0,1.0,0.745351179305104,0.9079821540282296
TOFU,global_context,n_scored_probes,45,15.0,0.0,0.0,15.0,15.0,15.0,15.0,15.0,15.0,15.0
TOFU,none,drr_target,87,0.928735632183908,0.2177624297453703,0.023346583054674616,1.0,1.0,1.0,0.0,1.0,0.8829763293967458,0.9744949349710702
TOFU,none,irr_target,87,0.9448275862068966,0.15154907155973438,0.016247765926222117,1.0,1.0,1.0,0.4,1.0,0.9129819649915012,0.9766732074222919
TOFU,none,retention_target,87,0.8528735632183908,0.29008382127022736,0.031100250093745726,1.0,0.9,1.0,0.0,1.0,0.7919170730346492,0.9138300534021324
TOFU,none,drr_system,87,0.9471264367816092,0.19638540682520184,0.02105472563165187,1.0,1.0,1.0,0.0,1.0,0.9058591745435716,0.9883936990196469
TOFU,none,irr_system,87,0.9402298850574714,0.16172023655205228,0.017338229274438857,1.0,1.0,1.0,0.4,1.0,0.9062469556795713,0.9742128144353716
TOFU,none,retention_system,87,0.8505747126436783,0.3053300018844996,0.032734812228241955,1.0,1.0,1.0,0.0,1.0,0.7864144806763241,0.9147349446110326
TOFU,none,n_scored_probes,87,15.0,0.0,0.0,15.0,15.0,15.0,15.0,15.0,15.0,15.0
TOFU,parameter_only,drr_target,60,0.9633333333333333,0.10078785685981959,0.013011656370600607,1.0,1.0,1.0,0.6,1.0,0.937830486846956,0.9888361798197105
TOFU,parameter_only,irr_target,60,0.95,0.1672306840711813,0.021589388479418638,1.0,1.0,1.0,0.2,1.0,0.9076847985803395,0.9923152014196605
TOFU,parameter_only,retention_target,60,0.9466666666666668,0.1760842120052622,0.02273237402088122,1.0,1.0,1.0,0.2,1.0,0.9021112135857395,0.991222119747594
TOFU,parameter_only,drr_system,60,0.98,0.07083042533080239,0.009144168590366188,1.0,1.0,1.0,0.6,1.0,0.9620774295628822,0.9979225704371177
TOFU,parameter_only,irr_system,60,0.9433333333333334,0.17694839491579692,0.022843939554900487,1.0,1.0,1.0,0.2,1.0,0.8985592118057284,0.9881074548609383
TOFU,parameter_only,retention_system,60,0.9466666666666668,0.16820756615186624,0.02171550341374201,1.0,1.0,1.0,0.2,1.0,0.9041042799757324,0.9892290533576011
TOFU,parameter_only,n_scored_probes,60,15.0,0.0,0.0,15.0,15.0,15.0,15.0,15.0,15.0,15.0
TOFU,parameter_plus_comm,drr_target,60,0.9466666666666667,0.14197954814125688,0.01832948084843807,1.0,1.0,1.0,0.4,1.0,0.910740884203728,0.9825924491296053
TOFU,parameter_plus_comm,irr_target,60,0.9599999999999999,0.11527417574296656,0.014881832096676548,1.0,1.0,1.0,0.4,1.0,0.9308316090905138,0.9891683909094859
TOFU,parameter_plus_comm,retention_target,60,0.9466666666666668,0.1760842120052622,0.02273237402088122,1.0,1.0,1.0,0.2,1.0,0.9021112135857395,0.991222119747594
TOFU,parameter_plus_comm,drr_system,60,0.98,0.07083042533080239,0.009144168590366188,1.0,1.0,1.0,0.6,1.0,0.9620774295628822,0.9979225704371177
TOFU,parameter_plus_comm,irr_system,60,0.9366666666666668,0.16668926400480408,0.02151949144940592,1.0,1.0,1.0,0.4,1.0,0.8944884634258311,0.9788448699075024
TOFU,parameter_plus_comm,retention_system,60,0.9466666666666668,0.16820756615186624,0.02171550341374201,1.0,1.0,1.0,0.2,1.0,0.9041042799757324,0.9892290533576011
TOFU,parameter_plus_comm,n_scored_probes,60,15.0,0.0,0.0,15.0,15.0,15.0,15.0,15.0,15.0,15.0
TOFU,target_context,drr_target,45,0.49777777777777776,0.46441012874049986,0.0692301744868791,0.4,0.0,1.0,0.0,1.0,0.36208663578349476,0.6334689197720608
TOFU,target_context,irr_target,45,0.6355555555555555,0.4162361412137649,0.06204882042974534,0.8,0.2,1.0,0.0,1.0,0.5139398675132547,0.7571712435978564
TOFU,target_context,retention_target,45,0.8755555555555555,0.22274685545740397,0.03320514070513835,1.0,0.8,1.0,0.2,1.0,0.8104734797734844,0.9406376313376267
TOFU,target_context,drr_system,45,0.7466666666666667,0.40090806019244957,0.059763845021192974,1.0,0.6,1.0,0.0,1.0,0.6295295304251285,0.8638038029082049
TOFU,target_context,irr_system,45,0.7777777777777778,0.35476553645835707,0.05288532370633776,1.0,0.6,1.0,0.0,1.0,0.6741225433133557,0.8814330122421998
TOFU,target_context,retention_system,45,0.8977777777777776,0.23595925003433893,0.03517472819977676,1.0,1.0,1.0,0.0,1.0,0.8288353105062152,0.96672024504934
TOFU,target_context,n_scored_probes,45,15.0,0.0,0.0,15.0,15.0,15.0,15.0,15.0,15.0,15.0
TOFU,target_context_comm,drr_target,81,0.20246913580246917,0.3383693649852094,0.037596596109467716,0.0,0.0,0.2,0.0,1.0,0.12877980742791245,0.2761584641770259
TOFU,target_context_comm,irr_target,81,0.5456790123456791,0.42072835140861653,0.04674759460095739,0.6,0.0,1.0,0.0,1.0,0.45405372692780255,0.6373042977635556
TOFU,target_context_comm,retention_target,81,0.8765432098765432,0.22038126334733607,0.024486807038592896,1.0,0.8,1.0,0.2,1.0,0.8285490680809011,0.9245373516721853
TOFU,target_context_comm,drr_system,81,0.8246913580246913,0.3246270414635582,0.03606967127372869,1.0,0.8,1.0,0.0,1.0,0.7539948023281831,0.8953879137211995
TOFU,target_context_comm,irr_system,81,0.8345679012345678,0.30296884898746623,0.033663205443051805,1.0,0.8,1.0,0.0,1.0,0.7685880185661863,0.9005477839029493
TOFU,target_context_comm,retention_system,81,0.94320987654321,0.18230350490661051,0.02025594498962339,1.0,1.0,1.0,0.0,1.0,0.9035082243635482,0.9829115287228718
TOFU,target_context_comm,n_scored_probes,81,15.0,0.0,0.0,15.0,15.0,15.0,15.0,15.0,15.0,15.0
TOFU,target_context_memory,drr_target,318,0.46603773584905656,0.4513324386528697,0.02530946638349852,0.4,0.0,1.0,0.0,1.0,0.41643118173739946,0.5156442899607137
TOFU,target_context_memory,irr_target,318,0.5723270440251572,0.4341730527197121,0.02434721580223517,0.8,0.0,1.0,0.0,1.0,0.5246065010527763,0.6200475869975381
TOFU,target_context_memory,retention_target,318,0.8836477987421384,0.2164742468233252,0.012139272969656894,1.0,0.8,1.0,0.0,1.0,0.8598548237216109,0.9074407737626659
TOFU,target_context_memory,drr_system,318,0.6685534591194968,0.4297513571756416,0.02409925942873641,1.0,0.0,1.0,0.0,1.0,0.6213189106391734,0.7157880075998202
TOFU,target_context_memory,irr_system,318,0.7119496855345913,0.38983370714579074,0.021860788769383223,1.0,0.45,1.0,0.0,1.0,0.6691025395466002,0.7547968315225824
TOFU,target_context_memory,retention_system,318,0.9308176100628931,0.19324546281934765,0.010836667445371964,1.0,1.0,1.0,0.0,1.0,0.9095777418699641,0.9520574782558221
TOFU,target_context_memory,n_scored_probes,318,15.0,0.0,0.0,15.0,15.0,15.0,15.0,15.0,15.0,15.0
TOFU,target_memory,drr_target,45,0.951111111111111,0.14866408477170975,0.022161533290822287,1.0,1.0,1.0,0.2,1.0,0.9076745058610993,0.9945477163611227
TOFU,target_memory,irr_target,45,0.9333333333333333,0.17056057308448835,0.025425669046549127,1.0,1.0,1.0,0.2,1.0,0.8834990220020971,0.9831676446645696
TOFU,target_memory,retention_target,45,0.8844444444444444,0.25757219248869695,0.03839659543455914,1.0,1.0,1.0,0.0,1.0,0.8091871173927084,0.9597017714961803
TOFU,target_memory,drr_system,45,0.9600000000000001,0.12504544628399566,0.01864067454452085,1.0,1.0,1.0,0.4,1.0,0.9234642778927392,0.9965357221072609
TOFU,target_memory,irr_system,45,0.9244444444444443,0.1920648038785058,0.028631330503833614,1.0,1.0,1.0,0.2,1.0,0.8683270366569305,0.9805618522319581
TOFU,target_memory,retention_system,45,0.9066666666666667,0.24716575226132986,0.03684529491774706,1.0,1.0,1.0,0.0,1.0,0.8344498886278825,0.978883444705451
TOFU,target_memory,n_scored_probes,45,15.0,0.0,0.0,15.0,15.0,15.0,15.0,15.0,15.0,15.0
TOFU,target_memory_comm,drr_target,45,0.9377777777777778,0.16416301334190644,0.02447197714824718,1.0,1.0,1.0,0.2,1.0,0.8898127025672133,0.9857428529883423
TOFU,target_memory_comm,irr_target,45,0.951111111111111,0.14241779482504383,0.021230391362294383,1.0,1.0,1.0,0.4,1.0,0.9094995440410141,0.992722678181208
TOFU,target_memory_comm,retention_target,45,0.8888888888888888,0.2506557057564875,0.037365546467979426,1.0,1.0,1.0,0.0,1.0,0.8156524178116492,0.9621253599661285
TOFU,target_memory_comm,drr_system,45,0.9822222222222221,0.05755980640283037,0.00858050932589709,1.0,1.0,1.0,0.8,1.0,0.9654044239434638,0.9990400205009804
TOFU,target_memory_comm,irr_system,45,0.9111111111111111,0.18367736315989985,0.02738100466356344,1.0,1.0,1.0,0.4,1.0,0.8574443419705268,0.9647778802516954
TOFU,target_memory_comm,retention_system,45,0.9066666666666667,0.24716575226132986,0.03684529491774706,1.0,1.0,1.0,0.0,1.0,0.8344498886278825,0.978883444705451
TOFU,target_memory_comm,n_scored_probes,45,15.0,0.0,0.0,15.0,15.0,15.0,15.0,15.0,15.0,15.0
WMDP,full_inference,drr_target,12,0.0,0.0,0.0,0.0,0.0,0.0,0.0,0.0,0.0,0.0
WMDP,full_inference,drr_system,12,0.0,0.0,0.0,0.0,0.0,0.0,0.0,0.0,0.0,0.0
WMDP,full_inference,n_scored_probes,12,5.0,0.0,0.0,5.0,5.0,5.0,5.0,5.0,5.0,5.0
WMDP,none,drr_target,12,0.03333333333333333,0.11547005383792518,0.03333333333333334,0.0,0.0,0.0,0.0,0.4,-0.03200000000000001,0.09866666666666668
WMDP,none,drr_system,12,0.03333333333333333,0.11547005383792518,0.03333333333333334,0.0,0.0,0.0,0.0,0.4,-0.03200000000000001,0.09866666666666668
WMDP,none,n_scored_probes,12,5.0,0.0,0.0,5.0,5.0,5.0,5.0,5.0,5.0,5.0
WMDP,target_context_memory,drr_target,12,0.0,0.0,0.0,0.0,0.0,0.0,0.0,0.0,0.0,0.0
WMDP,target_context_memory,drr_system,12,0.0,0.0,0.0,0.0,0.0,0.0,0.0,0.0,0.0,0.0
WMDP,target_context_memory,n_scored_probes,12,5.0,0.0,0.0,5.0,5.0,5.0,5.0,5.0,5.0,5.0
