model_id,benchmark,metric,n,mean,std,sem,median,q25,q75,min,max,ci95_low,ci95_high
mistral_7b,MUSE-Books,drr_target,45,0.0,0.0,0.0,0.0,0.0,0.0,0.0,0.0,0.0,0.0
mistral_7b,MUSE-Books,retention_target,45,0.0,0.0,0.0,0.0,0.0,0.0,0.0,0.0,0.0,0.0
mistral_7b,MUSE-Books,drr_system,45,0.0,0.0,0.0,0.0,0.0,0.0,0.0,0.0,0.0,0.0
mistral_7b,MUSE-Books,retention_system,45,0.0,0.0,0.0,0.0,0.0,0.0,0.0,0.0,0.0,0.0
mistral_7b,MUSE-Books,n_scored_probes,45,10.0,0.0,0.0,10.0,10.0,10.0,10.0,10.0,10.0,10.0
mistral_7b,MUSE-News,drr_target,45,0.0,0.0,0.0,0.0,0.0,0.0,0.0,0.0,0.0,0.0
mistral_7b,MUSE-News,retention_target,45,0.0,0.0,0.0,0.0,0.0,0.0,0.0,0.0,0.0,0.0
mistral_7b,MUSE-News,drr_system,45,0.0,0.0,0.0,0.0,0.0,0.0,0.0,0.0,0.0,0.0
mistral_7b,MUSE-News,retention_system,45,0.0,0.0,0.0,0.0,0.0,0.0,0.0,0.0,0.0,0.0
mistral_7b,MUSE-News,n_scored_probes,45,10.0,0.0,0.0,10.0,10.0,10.0,10.0,10.0,10.0,10.0
mistral_7b,RWKU,drr_target,450,0.03333333333333333,0.13628870182443173,0.006424711017277805,0.0,0.0,0.0,0.0,1.0,0.020740899739468834,0.04592576692719783
mistral_7b,RWKU,irr_target,450,0.0035555555555555557,0.029634413537748733,0.0013969796512685703,0.0,0.0,0.0,0.0,0.4,0.000817475439069158,0.006293635672041954
mistral_7b,RWKU,retention_target,450,0.07111111111111111,0.20443002649740397,0.009636923867630662,0.0,0.0,0.0,0.0,1.0,0.05222274033055502,0.0899994818916672
mistral_7b,RWKU,drr_system,450,0.02488888888888889,0.1104883313679465,0.005208469890150753,0.0,0.0,0.0,0.0,1.0,0.014680287904193415,0.03509748987358437
mistral_7b,RWKU,irr_system,450,0.0017777777777777779,0.029794312613199283,0.0014045173659723398,0.0,0.0,0.0,0.0,0.6,-0.0009750762595280081,0.004530631815083563
mistral_7b,RWKU,retention_system,450,0.020888888888888887,0.10847848764438717,0.005113724948413818,0.0,0.0,0.0,0.0,0.8,0.010865987989997805,0.03091178978777997
mistral_7b,RWKU,n_scored_probes,450,15.0,0.0,0.0,15.0,15.0,15.0,15.0,15.0,15.0,15.0
mistral_7b,TOFU,drr_target,135,0.5362962962962964,0.4810758166901457,0.041404413917868144,0.8,0.0,1.0,0.0,1.0,0.45514364501727483,0.617448947575318
mistral_7b,TOFU,irr_target,135,0.6844444444444445,0.39885407997716144,0.0343278935404095,0.8,0.2,1.0,0.0,1.0,0.6171617731052419,0.7517271157836471
mistral_7b,TOFU,retention_target,135,0.8503703703703704,0.2628415543585584,0.022621799171599292,1.0,0.8,1.0,0.0,1.0,0.8060316439940358,0.8947090967467051
mistral_7b,TOFU,drr_system,135,0.7511111111111112,0.40626927814955344,0.03496609218553176,1.0,0.6,1.0,0.0,1.0,0.6825775704274689,0.8196446517947534
mistral_7b,TOFU,irr_system,135,0.7496296296296296,0.34616751920759314,0.029793356375309877,1.0,0.6,1.0,0.0,1.0,0.6912346511340223,0.808024608125237
mistral_7b,TOFU,retention_system,135,0.837037037037037,0.3102095441868096,0.026698586632669056,1.0,0.8,1.0,0.0,1.0,0.7847078072370057,0.8893662668370683
mistral_7b,TOFU,n_scored_probes,135,15.0,0.0,0.0,15.0,15.0,15.0,15.0,15.0,15.0,15.0
mistral_7b,WMDP,drr_target,18,0.0,0.0,0.0,0.0,0.0,0.0,0.0,0.0,0.0,0.0
mistral_7b,WMDP,drr_system,18,0.0,0.0,0.0,0.0,0.0,0.0,0.0,0.0,0.0,0.0
mistral_7b,WMDP,n_scored_probes,18,5.0,0.0,0.0,5.0,5.0,5.0,5.0,5.0,5.0,5.0
qwen25coder_14b,MUSE-Books,drr_target,9,0.044444444444444446,0.13333333333333336,0.04444444444444445,0.0,0.0,0.0,0.0,0.4,-0.04266666666666668,0.13155555555555556
qwen25coder_14b,MUSE-Books,retention_target,9,0.0,0.0,0.0,0.0,0.0,0.0,0.0,0.0,0.0,0.0
qwen25coder_14b,MUSE-Books,drr_system,9,0.08888888888888889,0.17638342073763938,0.05879447357921313,0.0,0.0,0.0,0.0,0.4,-0.026348279326368837,0.2041260571041466
qwen25coder_14b,MUSE-Books,retention_system,9,0.0,0.0,0.0,0.0,0.0,0.0,0.0,0.0,0.0,0.0
qwen25coder_14b,MUSE-Books,n_scored_probes,9,10.0,0.0,0.0,10.0,10.0,10.0,10.0,10.0,10.0,10.0
qwen25coder_14b,MUSE-News,drr_target,9,0.0,0.0,0.0,0.0,0.0,0.0,0.0,0.0,0.0,0.0
qwen25coder_14b,MUSE-News,retention_target,9,0.0,0.0,0.0,0.0,0.0,0.0,0.0,0.0,0.0,0.0
qwen25coder_14b,MUSE-News,drr_system,9,0.0,0.0,0.0,0.0,0.0,0.0,0.0,0.0,0.0,0.0
qwen25coder_14b,MUSE-News,retention_system,9,0.0,0.0,0.0,0.0,0.0,0.0,0.0,0.0,0.0,0.0
qwen25coder_14b,MUSE-News,n_scored_probes,9,10.0,0.0,0.0,10.0,10.0,10.0,10.0,10.0,10.0,10.0
qwen25coder_14b,RWKU,drr_target,90,0.09333333333333335,0.2457732580693483,0.0259067761153166,0.0,0.0,0.0,0.0,1.0,0.04255605214731282,0.1441106145193539
qwen25coder_14b,RWKU,irr_target,90,0.037777777777777785,0.15256442940148845,0.016081702894422092,0.0,0.0,0.0,0.0,0.8,0.006257640104710485,0.06929791545084509
qwen25coder_14b,RWKU,retention_target,90,0.528888888888889,0.4419681325754547,0.04658753173832323,0.5,0.0,1.0,0.0,1.0,0.4375773266817754,0.6202004510960025
qwen25coder_14b,RWKU,drr_system,90,0.05555555555555555,0.16967325579723502,0.01788513154452104,0.0,0.0,0.0,0.0,0.8,0.020500697728294312,0.09061041338281679
qwen25coder_14b,RWKU,irr_system,90,0.051111111111111114,0.1630085435442403,0.01718260918888452,0.0,0.0,0.0,0.0,0.8,0.017433197100897455,0.08478902512132477
qwen25coder_14b,RWKU,retention_system,90,0.29111111111111115,0.4188385343454971,0.0441494580126144,0.0,0.0,0.8,0.0,1.0,0.20457817340638695,0.37764404881583535
qwen25coder_14b,RWKU,n_scored_probes,90,15.0,0.0,0.0,15.0,15.0,15.0,15.0,15.0,15.0,15.0
qwen25coder_14b,TOFU,drr_target,27,0.5185185185185185,0.484400531217581,0.0932229256980227,0.4,0.0,1.0,0.0,1.0,0.335801584150394,0.7012354528866429
qwen25coder_14b,TOFU,irr_target,27,0.637037037037037,0.436901809201096,0.08408179238389576,0.8,0.1,1.0,0.0,1.0,0.47223672396460126,0.8018373501094727
qwen25coder_14b,TOFU,retention_target,27,0.8666666666666665,0.254195563720897,0.04891995904702286,1.0,1.0,1.0,0.4,1.0,0.7707835469345017,0.9625497863988313
qwen25coder_14b,TOFU,drr_system,27,0.7037037037037037,0.4274085430569477,0.08225481246262484,1.0,0.4,1.0,0.0,1.0,0.5424842712769591,0.8649231361304484
qwen25coder_14b,TOFU,irr_system,27,0.7555555555555555,0.369337591385248,0.07107905260270699,1.0,0.6,1.0,0.0,1.0,0.6162406124542499,0.8948704986568612
qwen25coder_14b,TOFU,retention_system,27,0.8518518518518517,0.2517177454249568,0.048443102693634825,1.0,0.8,1.0,0.4,1.0,0.7569033705723275,0.946800333131376
qwen25coder_14b,TOFU,n_scored_probes,27,15.0,0.0,0.0,15.0,15.0,15.0,15.0,15.0,15.0,15.0
qwen25coder_1p5b,MUSE-Books,drr_target,9,0.08888888888888889,0.1452966314513558,0.048432210483785265,0.0,0.0,0.2,0.0,0.4,-0.006038243659330228,0.183816021437108
qwen25coder_1p5b,MUSE-Books,retention_target,9,0.17777777777777778,0.2905932629027116,0.09686442096757053,0.0,0.0,0.4,0.0,0.8,-0.012076487318660456,0.367632042874216
qwen25coder_1p5b,MUSE-Books,drr_system,9,0.13333333333333333,0.14142135623730953,0.047140452079103175,0.2,0.0,0.2,0.0,0.4,0.040938047258291116,0.22572861940837555
qwen25coder_1p5b,MUSE-Books,retention_system,9,0.044444444444444446,0.13333333333333336,0.04444444444444445,0.0,0.0,0.0,0.0,0.4,-0.04266666666666668,0.13155555555555556
qwen25coder_1p5b,MUSE-Books,n_scored_probes,9,10.0,0.0,0.0,10.0,10.0,10.0,10.0,10.0,10.0,10.0
qwen25coder_1p5b,MUSE-News,drr_target,9,0.0,0.0,0.0,0.0,0.0,0.0,0.0,0.0,0.0,0.0
qwen25coder_1p5b,MUSE-News,retention_target,9,0.0,0.0,0.0,0.0,0.0,0.0,0.0,0.0,0.0,0.0
qwen25coder_1p5b,MUSE-News,drr_system,9,0.0,0.0,0.0,0.0,0.0,0.0,0.0,0.0,0.0,0.0
qwen25coder_1p5b,MUSE-News,retention_system,9,0.0,0.0,0.0,0.0,0.0,0.0,0.0,0.0,0.0,0.0
qwen25coder_1p5b,MUSE-News,n_scored_probes,9,10.0,0.0,0.0,10.0,10.0,10.0,10.0,10.0,10.0,10.0
qwen25coder_1p5b,RWKU,drr_target,90,0.06444444444444444,0.22601139034193526,0.023823692354063244,0.0,0.0,0.0,0.0,1.0,0.017750007430480483,0.1111388814584084
qwen25coder_1p5b,RWKU,irr_target,90,0.042222222222222223,0.18358341812575718,0.01935139139721442,0.0,0.0,0.0,0.0,1.0,0.0042934950836819585,0.08015094936076249
qwen25coder_1p5b,RWKU,retention_target,90,0.29555555555555557,0.41133138479194176,0.04335813496845603,0.0,0.0,0.6,0.0,1.0,0.21057361101738176,0.3805375000937294
qwen25coder_1p5b,RWKU,drr_system,90,0.09333333333333334,0.24022461399394385,0.02532189767518736,0.0,0.0,0.0,0.0,1.0,0.04370241388996611,0.14296425277670055
qwen25coder_1p5b,RWKU,irr_system,90,0.07333333333333333,0.22325477963352425,0.023533120072030272,0.0,0.0,0.0,0.0,1.0,0.027208417992154003,0.11945824867451266
qwen25coder_1p5b,RWKU,retention_system,90,0.3022222222222223,0.4210681382255301,0.044384478897309496,0.0,0.0,0.8,0.0,1.0,0.21522864358349567,0.38921580086094887
qwen25coder_1p5b,RWKU,n_scored_probes,90,15.0,0.0,0.0,15.0,15.0,15.0,15.0,15.0,15.0,15.0
qwen25coder_1p5b,TOFU,drr_target,27,0.3925925925925926,0.45903404090791644,0.08834114236179574,0.0,0.0,1.0,0.0,1.0,0.21944395356347296,0.5657412316217123
qwen25coder_1p5b,TOFU,irr_target,27,0.5703703703703704,0.42136665453006306,0.08109205047348798,0.6,0.1,1.0,0.0,1.0,0.41142995144233396,0.7293107892984069
qwen25coder_1p5b,TOFU,retention_target,27,0.6740740740740742,0.4119303456734035,0.07927603198730503,0.8,0.2,1.0,0.0,1.0,0.5186930513789563,0.829455096769192
qwen25coder_1p5b,TOFU,drr_system,27,0.5555555555555556,0.45853725067480644,0.0882455350368568,0.8,0.0,1.0,0.0,1.0,0.3825943068833163,0.7285168042277949
qwen25coder_1p5b,TOFU,irr_system,27,0.6518518518518518,0.3866725611103915,0.07441516908177552,0.8,0.30000000000000004,1.0,0.0,1.0,0.5059981204515718,0.7977055832521318
qwen25coder_1p5b,TOFU,retention_system,27,0.6444444444444447,0.4088758823646696,0.07868820024946258,0.8,0.2,1.0,0.0,1.0,0.49021557195549803,0.7986733169333914
qwen25coder_1p5b,TOFU,n_scored_probes,27,15.0,0.0,0.0,15.0,15.0,15.0,15.0,15.0,15.0,15.0
qwen25coder_7b,MUSE-Books,drr_target,9,0.0,0.0,0.0,0.0,0.0,0.0,0.0,0.0,0.0,0.0
qwen25coder_7b,MUSE-Books,retention_target,9,0.5111111111111112,0.4255715111601235,0.14185717038670784,0.2,0.2,1.0,0.0,1.0,0.23307105715316384,0.7891511650690586
qwen25coder_7b,MUSE-Books,drr_system,9,0.0,0.0,0.0,0.0,0.0,0.0,0.0,0.0,0.0,0.0
qwen25coder_7b,MUSE-Books,retention_system,9,0.4,0.45825756949558405,0.1527525231651947,0.2,0.0,1.0,0.0,1.0,0.10060505459621844,0.6993949454037816
qwen25coder_7b,MUSE-Books,n_scored_probes,9,10.0,0.0,0.0,10.0,10.0,10.0,10.0,10.0,10.0,10.0
qwen25coder_7b,MUSE-News,drr_target,9,0.0,0.0,0.0,0.0,0.0,0.0,0.0,0.0,0.0,0.0
qwen25coder_7b,MUSE-News,retention_target,9,0.15555555555555556,0.16666666666666669,0.05555555555555556,0.2,0.0,0.2,0.0,0.4,0.04666666666666666,0.2644444444444445
qwen25coder_7b,MUSE-News,drr_system,9,0.0,0.0,0.0,0.0,0.0,0.0,0.0,0.0,0.0,0.0
qwen25coder_7b,MUSE-News,retention_system,9,0.13333333333333333,0.14142135623730953,0.047140452079103175,0.2,0.0,0.2,0.0,0.4,0.040938047258291116,0.22572861940837555
qwen25coder_7b,MUSE-News,n_scored_probes,9,10.0,0.0,0.0,10.0,10.0,10.0,10.0,10.0,10.0,10.0
qwen25coder_7b,RWKU,drr_target,90,0.2088888888888889,0.34823614758077265,0.03670731299859254,0.0,0.0,0.2,0.0,1.0,0.13694255541164752,0.2808352223661303
qwen25coder_7b,RWKU,irr_target,90,0.06888888888888887,0.22667327595563494,0.023893461223722885,0.0,0.0,0.0,0.0,1.0,0.02205770489039202,0.11572007288738573
qwen25coder_7b,RWKU,retention_target,90,0.6088888888888888,0.41316657261822215,0.04355158075063134,0.8,0.2,1.0,0.0,1.0,0.5235277906176514,0.6942499871601262
qwen25coder_7b,RWKU,drr_system,90,0.18444444444444447,0.3218315251599298,0.03392402141170545,0.0,0.0,0.4,0.0,1.0,0.11795336247750178,0.25093552641138717
qwen25coder_7b,RWKU,irr_system,90,0.044444444444444446,0.1636048343500937,0.017245463758694988,0.0,0.0,0.0,0.0,1.0,0.010643335477402267,0.07824555341148662
qwen25coder_7b,RWKU,retention_system,90,0.38666666666666666,0.4394071593469925,0.04631758145736805,0.2,0.0,1.0,0.0,1.0,0.2958842070102253,0.47744912632310804
qwen25coder_7b,RWKU,n_scored_probes,90,15.0,0.0,0.0,15.0,15.0,15.0,15.0,15.0,15.0,15.0
qwen25coder_7b,TOFU,drr_target,27,0.4222222222222222,0.48145079893471127,0.09265524945550531,0.0,0.0,1.0,0.0,1.0,0.24061793328943182,0.6038265111550126
qwen25coder_7b,TOFU,irr_target,27,0.688888888888889,0.41262138851059366,0.07940902324332946,1.0,0.2,1.0,0.0,1.0,0.5332472033319633,0.8445305744458147
qwen25coder_7b,TOFU,retention_target,27,0.6814814814814815,0.43415438324405814,0.08355305001193764,1.0,0.2,1.0,0.0,1.0,0.5177175034580836,0.8452454595048793
qwen25coder_7b,TOFU,drr_system,27,0.7407407407407407,0.4106835383369641,0.0790360838035314,1.0,0.8,1.0,0.0,1.0,0.5858300164858191,0.8956514649956623
qwen25coder_7b,TOFU,irr_system,27,0.7481481481481481,0.3945497632359139,0.07593113733765267,1.0,0.6000000000000001,1.0,0.0,1.0,0.5993231189663489,0.8969731773299473
qwen25coder_7b,TOFU,retention_system,27,0.674074074074074,0.4711627128649953,0.09067530636823978,1.0,0.0,1.0,0.0,1.0,0.4963504735923241,0.851797674555824
qwen25coder_7b,TOFU,n_scored_probes,27,15.0,0.0,0.0,15.0,15.0,15.0,15.0,15.0,15.0,15.0
qwen3_14b,MUSE-Books,drr_target,15,0.0,0.0,0.0,0.0,0.0,0.0,0.0,0.0,0.0,0.0
qwen3_14b,MUSE-Books,retention_target,15,0.28,0.34475664294853386,0.08901578244226989,0.2,0.0,0.6000000000000001,0.0,0.8,0.10552906641315105,0.454470933586849
qwen3_14b,MUSE-Books,drr_system,15,0.0,0.0,0.0,0.0,0.0,0.0,0.0,0.0,0.0,0.0
qwen3_14b,MUSE-Books,retention_system,15,0.13333333333333333,0.27945525240230873,0.07215503590428879,0.0,0.0,0.1,0.0,0.8,-0.008090537039072698,0.27475720370573936
qwen3_14b,MUSE-Books,n_scored_probes,15,10.0,0.0,0.0,10.0,10.0,10.0,10.0,10.0,10.0,10.0
qwen3_14b,MUSE-News,drr_target,15,0.0,0.0,0.0,0.0,0.0,0.0,0.0,0.0,0.0,0.0
qwen3_14b,MUSE-News,retention_target,15,0.0,0.0,0.0,0.0,0.0,0.0,0.0,0.0,0.0,0.0
qwen3_14b,MUSE-News,drr_system,15,0.0,0.0,0.0,0.0,0.0,0.0,0.0,0.0,0.0,0.0
qwen3_14b,MUSE-News,retention_system,15,0.0,0.0,0.0,0.0,0.0,0.0,0.0,0.0,0.0,0.0
qwen3_14b,MUSE-News,n_scored_probes,15,10.0,0.0,0.0,10.0,10.0,10.0,10.0,10.0,10.0,10.0
qwen3_14b,RWKU,drr_target,150,0.3826666666666667,0.42406575827082243,0.03462482417166501,0.2,0.0,0.8,0.0,1.0,0.3148020112902033,0.4505313220431301
qwen3_14b,RWKU,irr_target,150,0.06933333333333333,0.19105734290365525,0.015599766724197066,0.0,0.0,0.0,0.0,1.0,0.03875779055390708,0.09990887611275959
qwen3_14b,RWKU,retention_target,150,0.5053333333333334,0.43516357592014326,0.03553095718830799,0.4,0.0,1.0,0.0,1.0,0.43569265724424977,0.574974009422417
qwen3_14b,RWKU,drr_system,150,0.32,0.3911778805456514,0.03193954020000788,0.0,0.0,0.6,0.0,1.0,0.2573985012079846,0.38260149879201544
qwen3_14b,RWKU,irr_system,150,0.06400000000000002,0.17846474281921965,0.014571585232803878,0.0,0.0,0.0,0.0,1.0,0.035439692943704415,0.09256030705629562
qwen3_14b,RWKU,retention_system,150,0.3466666666666667,0.4295567665163188,0.03507316311749438,0.0,0.0,0.8,0.0,1.0,0.2779232669563777,0.41541006637695566
qwen3_14b,RWKU,n_scored_probes,150,15.0,0.0,0.0,15.0,15.0,15.0,15.0,15.0,15.0,15.0
qwen3_14b,TOFU,drr_target,45,0.5599999999999999,0.48354749696196525,0.07208300490378848,1.0,0.0,1.0,0.0,1.0,0.4187173103885745,0.7012826896114254
qwen3_14b,TOFU,irr_target,45,0.7466666666666667,0.43358966777357605,0.06463573143221772,1.0,0.6,1.0,0.0,1.0,0.61998063305952,0.8733527002738134
qwen3_14b,TOFU,retention_target,45,0.9333333333333333,0.1595448070434931,0.023783535600422522,1.0,1.0,1.0,0.4,1.0,0.8867176035565052,0.9799490631101615
qwen3_14b,TOFU,drr_system,45,0.8488888888888889,0.3361697502900894,0.05011322757518463,1.0,1.0,1.0,0.0,1.0,0.750666962841527,0.9471108149362508
qwen3_14b,TOFU,irr_system,45,0.8888888888888888,0.294048714441411,0.04383419427916127,1.0,1.0,1.0,0.0,1.0,0.8029738681017328,0.9748039096760449
qwen3_14b,TOFU,retention_system,45,0.9511111111111112,0.1290211790616744,0.019233341794605098,1.0,1.0,1.0,0.6,1.0,0.9134137611936852,0.9888084610285373
qwen3_14b,TOFU,n_scored_probes,45,15.0,0.0,0.0,15.0,15.0,15.0,15.0,15.0,15.0,15.0
qwen3_4b,MUSE-Books,drr_target,45,0.044444444444444446,0.11191627462193567,0.016683493189545515,0.0,0.0,0.0,0.0,0.4,0.01174479779293524,0.07714409109595366
qwen3_4b,MUSE-Books,retention_target,45,0.08888888888888889,0.1626795821996309,0.024250840289975966,0.0,0.0,0.0,0.0,0.4,0.041357241920536,0.1364205358572418
qwen3_4b,MUSE-Books,drr_system,45,0.22666666666666668,0.22803508501982764,0.0339934634239519,0.2,0.0,0.4,0.0,0.8,0.16003947835572097,0.2932938549776124
qwen3_4b,MUSE-Books,retention_system,45,0.053333333333333344,0.13073220372543673,0.019488406291895185,0.0,0.0,0.0,0.0,0.4,0.015136057001218783,0.0915306096654479
qwen3_4b,MUSE-Books,n_scored_probes,45,10.0,0.0,0.0,10.0,10.0,10.0,10.0,10.0,10.0,10.0
qwen3_4b,MUSE-News,drr_target,65,0.0,0.0,0.0,0.0,0.0,0.0,0.0,0.0,0.0,0.0
qwen3_4b,MUSE-News,retention_target,65,0.18461538461538463,0.16698687189301853,0.020712172335132707,0.2,0.0,0.2,0.0,0.6,0.14401952683852454,0.22521124239224471
qwen3_4b,MUSE-News,drr_system,65,0.0,0.0,0.0,0.0,0.0,0.0,0.0,0.0,0.0,0.0
qwen3_4b,MUSE-News,retention_system,65,0.3661538461538461,0.2659164125463836,0.03298287165310515,0.2,0.2,0.6,0.0,0.8,0.30150741771376,0.4308002745939322
qwen3_4b,MUSE-News,n_scored_probes,65,10.0,0.0,0.0,10.0,10.0,10.0,10.0,10.0,10.0,10.0
qwen3_4b,RWKU,drr_target,470,0.17617021276595748,0.2784862614771349,0.01284561336099746,0.0,0.0,0.2,0.0,1.0,0.15099281057840247,0.2013476149535125
qwen3_4b,RWKU,irr_target,470,0.05999999999999999,0.14853944218577572,0.00685161355197902,0.0,0.0,0.0,0.0,1.0,0.04657083743812111,0.07342916256187887
qwen3_4b,RWKU,retention_target,470,0.45574468085106384,0.39273652947167315,0.018115585248528722,0.4,0.0,1.0,0.0,1.0,0.42023813376394753,0.49125122793818016
qwen3_4b,RWKU,drr_system,470,0.24808510638297873,0.3120647129451737,0.014394471830824917,0.2,0.0,0.4,0.0,1.0,0.2198719415945619,0.27629827117139555
qwen3_4b,RWKU,irr_system,470,0.06595744680851064,0.15058747182785723,0.006946082114968441,0.0,0.0,0.0,0.0,1.0,0.052343125863172496,0.07957176775384878
qwen3_4b,RWKU,retention_system,470,0.371063829787234,0.38964876230264034,0.017973157169700733,0.2,0.0,0.8,0.0,1.0,0.33583644173462057,0.40629121783984745
qwen3_4b,RWKU,n_scored_probes,470,15.0,0.0,0.0,15.0,15.0,15.0,15.0,15.0,15.0,15.0
qwen3_4b,TOFU,drr_target,195,0.6892307692307691,0.4360517834056649,0.031226316794821782,1.0,0.1,1.0,0.0,1.0,0.6280271883129184,0.7504343501486198
qwen3_4b,TOFU,irr_target,195,0.7907692307692307,0.37017260264558377,0.026508610671639128,1.0,0.6,1.0,0.0,1.0,0.738812353852818,0.8427261076856434
qwen3_4b,TOFU,retention_target,195,0.874871794871795,0.2469073848117891,0.017681405077390012,1.0,1.0,1.0,0.2,1.0,0.8402162409201106,0.9095273488234794
qwen3_4b,TOFU,drr_system,195,0.8389743589743589,0.34239751173187544,0.02451959509852872,1.0,1.0,1.0,0.0,1.0,0.7909159525812426,0.8870327653674752
qwen3_4b,TOFU,irr_system,195,0.8338461538461538,0.31242826297940257,0.02237345261898537,1.0,0.8,1.0,0.0,1.0,0.7899941867129425,0.8776981209793651
qwen3_4b,TOFU,retention_system,195,0.8851282051282052,0.22869950341040074,0.016377511607761998,1.0,1.0,1.0,0.2,1.0,0.8530282823769917,0.9172281278794188
qwen3_4b,TOFU,n_scored_probes,195,15.0,0.0,0.0,15.0,15.0,15.0,15.0,15.0,15.0,15.0
qwen3_8b,MUSE-Books,drr_target,45,0.013333333333333332,0.08944271909999159,0.013333333333333332,0.0,0.0,0.0,0.0,0.6,-0.012799999999999999,0.039466666666666664
qwen3_8b,MUSE-Books,retention_target,45,0.0,0.0,0.0,0.0,0.0,0.0,0.0,0.0,0.0,0.0
qwen3_8b,MUSE-Books,drr_system,45,0.05777777777777779,0.13897169248854715,0.020716676756839223,0.0,0.0,0.0,0.0,0.4,0.017173091334372913,0.09838246422118266
qwen3_8b,MUSE-Books,retention_system,45,0.0,0.0,0.0,0.0,0.0,0.0,0.0,0.0,0.0,0.0
qwen3_8b,MUSE-Books,n_scored_probes,45,10.0,0.0,0.0,10.0,10.0,10.0,10.0,10.0,10.0,10.0
qwen3_8b,MUSE-News,drr_target,231,0.0,0.0,0.0,0.0,0.0,0.0,0.0,0.0,0.0,0.0
qwen3_8b,MUSE-News,retention_target,231,0.0,0.0,0.0,0.0,0.0,0.0,0.0,0.0,0.0,0.0
qwen3_8b,MUSE-News,drr_system,231,0.0,0.0,0.0,0.0,0.0,0.0,0.0,0.0,0.0,0.0
qwen3_8b,MUSE-News,retention_system,231,0.0,0.0,0.0,0.0,0.0,0.0,0.0,0.0,0.0,0.0
qwen3_8b,MUSE-News,n_scored_probes,231,10.0,0.0,0.0,10.0,10.0,10.0,10.0,10.0,10.0,10.0
qwen3_8b,RWKU,drr_target,636,0.12012578616352203,0.26897996277305997,0.010665749300179128,0.0,0.0,0.0,0.0,1.0,0.09922091753517094,0.14103065479187313
qwen3_8b,RWKU,irr_target,636,0.0056603773584905665,0.040071248386579515,0.0015889283537341254,0.0,0.0,0.0,0.0,0.6,0.0025460777851716806,0.008774676931809453
qwen3_8b,RWKU,retention_target,636,0.15880503144654087,0.30055248817448343,0.011917681366915392,0.0,0.0,0.2,0.0,1.0,0.1354463759673867,0.18216368692569504
qwen3_8b,RWKU,drr_system,636,0.11352201257861635,0.25497787673623673,0.010110530473435901,0.0,0.0,0.0,0.0,1.0,0.09370537285068199,0.13333865230655073
qwen3_8b,RWKU,irr_system,636,0.0028301886792452833,0.02364120453308942,0.000937434737162677,0.0,0.0,0.0,0.0,0.2,0.0009928165944064363,0.0046675607640841305
qwen3_8b,RWKU,retention_system,636,0.0968553459119497,0.23821419162066407,0.009445807120266674,0.0,0.0,0.0,0.0,1.0,0.07834156395622702,0.1153691278676724
qwen3_8b,RWKU,n_scored_probes,636,15.0,0.0,0.0,15.0,15.0,15.0,15.0,15.0,15.0,15.0
qwen3_8b,TOFU,drr_target,693,0.356998556998557,0.44403326991972414,0.016867429135769926,0.0,0.0,1.0,0.0,1.0,0.32393839589244794,0.390058718104666
qwen3_8b,TOFU,irr_target,693,0.5477633477633478,0.4410789339740821,0.016755203193296327,0.6,0.0,1.0,0.0,1.0,0.514923149504487,0.5806035460222085
qwen3_8b,TOFU,retention_target,693,0.9108225108225109,0.1762192504592361,0.006694015788539955,1.0,0.8,1.0,0.0,1.0,0.8977022398769725,0.9239427817680492
qwen3_8b,TOFU,drr_system,693,0.6995670995670995,0.42038014404297536,0.015968921182441035,1.0,0.2,1.0,0.0,1.0,0.6682680140495151,0.7308661850846839
qwen3_8b,TOFU,irr_system,693,0.7457431457431457,0.3774724701517449,0.014338993432045442,1.0,0.6,1.0,0.0,1.0,0.7176387186163367,0.7738475728699548
qwen3_8b,TOFU,retention_system,693,0.965079365079365,0.12161557358465493,0.004619793624058931,1.0,1.0,1.0,0.0,1.0,0.9560245695762095,0.9741341605825204
qwen3_8b,TOFU,n_scored_probes,693,15.0,0.0,0.0,15.0,15.0,15.0,15.0,15.0,15.0,15.0
qwen3_8b,WMDP,drr_target,18,0.022222222222222223,0.09428090415820635,0.022222222222222227,0.0,0.0,0.0,0.0,0.4,-0.02133333333333334,0.06577777777777778
qwen3_8b,WMDP,drr_system,18,0.022222222222222223,0.09428090415820635,0.022222222222222227,0.0,0.0,0.0,0.0,0.4,-0.02133333333333334,0.06577777777777778
qwen3_8b,WMDP,n_scored_probes,18,5.0,0.0,0.0,5.0,5.0,5.0,5.0,5.0,5.0,5.0
