method,model_id,benchmark,metric,n,mean,std,sem,median,q25,q75,min,max,ci95_low,ci95_high
gradient_ascent,qwen3_4b,MUSE-News,forget_loss_first,1,11.854347229003906,,,11.854347229003906,11.854347229003906,11.854347229003906,11.854347229003906,11.854347229003906,,
gradient_ascent,qwen3_4b,MUSE-News,forget_loss_last,1,9.877739906311035,,,9.877739906311035,9.877739906311035,9.877739906311035,9.877739906311035,9.877739906311035,,
gradient_ascent,qwen3_4b,MUSE-News,objective_first,1,-11.854347229003906,,,-11.854347229003906,-11.854347229003906,-11.854347229003906,-11.854347229003906,-11.854347229003906,,
gradient_ascent,qwen3_4b,MUSE-News,objective_last,1,-9.877739906311035,,,-9.877739906311035,-9.877739906311035,-9.877739906311035,-9.877739906311035,-9.877739906311035,,
gradient_ascent,qwen3_4b,MUSE-News,size_mib,1,2253.8266258239746,,,2253.8266258239746,2253.8266258239746,2253.8266258239746,2253.8266258239746,2253.8266258239746,,
gradient_ascent,qwen3_4b,RWKU,forget_loss_first,1,10.838905334472656,,,10.838905334472656,10.838905334472656,10.838905334472656,10.838905334472656,10.838905334472656,,
gradient_ascent,qwen3_4b,RWKU,forget_loss_last,1,11.110588073730469,,,11.110588073730469,11.110588073730469,11.110588073730469,11.110588073730469,11.110588073730469,,
gradient_ascent,qwen3_4b,RWKU,objective_first,1,-10.838905334472656,,,-10.838905334472656,-10.838905334472656,-10.838905334472656,-10.838905334472656,-10.838905334472656,,
gradient_ascent,qwen3_4b,RWKU,objective_last,1,-11.110588073730469,,,-11.110588073730469,-11.110588073730469,-11.110588073730469,-11.110588073730469,-11.110588073730469,,
gradient_ascent,qwen3_4b,RWKU,size_mib,1,2253.826636314392,,,2253.826636314392,2253.826636314392,2253.826636314392,2253.826636314392,2253.826636314392,,
gradient_ascent,qwen3_4b,TOFU,forget_loss_first,3,5.36790148417155,0.8556349289715025,0.4940010565697433,5.056789875030518,4.884069919586182,5.696177244186401,4.711349964141846,6.335564613342285,4.399659413294853,6.336143555048246
gradient_ascent,qwen3_4b,TOFU,forget_loss_last,3,4.8838958740234375,1.0782722013088828,0.6225407456853739,4.506008625030518,4.275718927383423,5.303129196166992,4.045429229736328,6.100249767303467,3.663716012480105,6.10407573556677
gradient_ascent,qwen3_4b,TOFU,objective_first,3,-5.36790148417155,0.8556349289715025,0.4940010565697433,-5.056789875030518,-5.696177244186401,-4.884069919586182,-6.335564613342285,-4.711349964141846,-6.336143555048246,-4.399659413294853
gradient_ascent,qwen3_4b,TOFU,objective_last,3,-4.8838958740234375,1.0782722013088828,0.6225407456853739,-4.506008625030518,-5.303129196166992,-4.275718927383423,-6.100249767303467,-4.045429229736328,-6.10407573556677,-3.663716012480105
gradient_ascent,qwen3_4b,TOFU,size_mib,3,2253.826600074768,1.513911043776278e-05,8.740569486533815e-06,2253.826594352722,2253.826591491699,2253.826605796814,2253.8265886306763,2253.8266172409058,2253.8265829432517,2253.8266172062845
gradient_ascent,qwen3_8b,MUSE-News,forget_loss_first,1,7.346629619598389,,,7.346629619598389,7.346629619598389,7.346629619598389,7.346629619598389,7.346629619598389,,
gradient_ascent,qwen3_8b,MUSE-News,forget_loss_last,1,8.155942916870117,,,8.155942916870117,8.155942916870117,8.155942916870117,8.155942916870117,8.155942916870117,,
gradient_ascent,qwen3_8b,MUSE-News,objective_first,1,-7.346629619598389,,,-7.346629619598389,-7.346629619598389,-7.346629619598389,-7.346629619598389,-7.346629619598389,,
gradient_ascent,qwen3_8b,MUSE-News,objective_last,1,-8.155942916870117,,,-8.155942916870117,-8.155942916870117,-8.155942916870117,-8.155942916870117,-8.155942916870117,,
gradient_ascent,qwen3_8b,MUSE-News,size_mib,1,3846.1000547409058,,,3846.1000547409058,3846.1000547409058,3846.1000547409058,3846.1000547409058,3846.1000547409058,,
gradient_ascent,qwen3_8b,RWKU,forget_loss_first,1,8.992667198181152,,,8.992667198181152,8.992667198181152,8.992667198181152,8.992667198181152,8.992667198181152,,
gradient_ascent,qwen3_8b,RWKU,forget_loss_last,1,6.053867340087891,,,6.053867340087891,6.053867340087891,6.053867340087891,6.053867340087891,6.053867340087891,,
gradient_ascent,qwen3_8b,RWKU,objective_first,1,-8.992667198181152,,,-8.992667198181152,-8.992667198181152,-8.992667198181152,-8.992667198181152,-8.992667198181152,,
gradient_ascent,qwen3_8b,RWKU,objective_last,1,-6.053867340087891,,,-6.053867340087891,-6.053867340087891,-6.053867340087891,-6.053867340087891,-6.053867340087891,,
gradient_ascent,qwen3_8b,RWKU,size_mib,1,3846.1000366210938,,,3846.1000366210938,3846.1000366210938,3846.1000366210938,3846.1000366210938,3846.1000366210938,,
gradient_ascent,qwen3_8b,TOFU,forget_loss_first,3,4.389689922332764,0.22908784522397857,0.13226392910813536,4.501246929168701,4.313719272613525,4.521439075469971,4.12619161605835,4.54163122177124,4.130452621280819,4.6489272233847085
gradient_ascent,qwen3_8b,TOFU,forget_loss_last,3,4.271209001541138,1.1159522545899914,0.6442953345903013,4.213082313537598,3.69926917552948,4.814085483551025,3.1854560375213623,5.415088653564453,3.008390145744147,5.5340278573381285
gradient_ascent,qwen3_8b,TOFU,objective_first,3,-4.389689922332764,0.22908784522397857,0.13226392910813536,-4.501246929168701,-4.521439075469971,-4.313719272613525,-4.54163122177124,-4.12619161605835,-4.6489272233847085,-4.130452621280819
gradient_ascent,qwen3_8b,TOFU,objective_last,3,-4.271209001541138,1.1159522545899914,0.6442953345903013,-4.213082313537598,-4.814085483551025,-3.69926917552948,-5.415088653564453,-3.1854560375213623,-5.5340278573381285,-3.008390145744147
gradient_ascent,qwen3_8b,TOFU,size_mib,3,3846.1000429789224,9.600110925382933e-06,5.542626627020104e-06,3846.1000442504883,3846.1000385284424,3846.1000480651855,3846.1000328063965,3846.100051879883,3846.1000321153742,3846.1000538424705
lora_grad_diff,qwen3_4b,MUSE-News,forget_loss_first,1,11.854347229003906,,,11.854347229003906,11.854347229003906,11.854347229003906,11.854347229003906,11.854347229003906,,
lora_grad_diff,qwen3_4b,MUSE-News,forget_loss_last,1,23.96046257019043,,,23.96046257019043,23.96046257019043,23.96046257019043,23.96046257019043,23.96046257019043,,
lora_grad_diff,qwen3_4b,MUSE-News,retain_loss_first,1,8.112567901611328,,,8.112567901611328,8.112567901611328,8.112567901611328,8.112567901611328,8.112567901611328,,
lora_grad_diff,qwen3_4b,MUSE-News,retain_loss_last,1,8.127758026123047,,,8.127758026123047,8.127758026123047,8.127758026123047,8.127758026123047,8.127758026123047,,
lora_grad_diff,qwen3_4b,MUSE-News,objective_first,1,-3.741779327392578,,,-3.741779327392578,-3.741779327392578,-3.741779327392578,-3.741779327392578,-3.741779327392578,,
lora_grad_diff,qwen3_4b,MUSE-News,objective_last,1,-15.832704544067383,,,-15.832704544067383,-15.832704544067383,-15.832704544067383,-15.832704544067383,-15.832704544067383,,
lora_grad_diff,qwen3_4b,MUSE-News,size_mib,1,504.6617479324341,,,504.6617479324341,504.6617479324341,504.6617479324341,504.6617479324341,504.6617479324341,,
lora_grad_diff,qwen3_4b,RWKU,forget_loss_first,1,10.838905334472656,,,10.838905334472656,10.838905334472656,10.838905334472656,10.838905334472656,10.838905334472656,,
lora_grad_diff,qwen3_4b,RWKU,forget_loss_last,1,19.83465003967285,,,19.83465003967285,19.83465003967285,19.83465003967285,19.83465003967285,19.83465003967285,,
lora_grad_diff,qwen3_4b,RWKU,retain_loss_first,1,8.873505592346191,,,8.873505592346191,8.873505592346191,8.873505592346191,8.873505592346191,8.873505592346191,,
lora_grad_diff,qwen3_4b,RWKU,retain_loss_last,1,1.2673640251159668,,,1.2673640251159668,1.2673640251159668,1.2673640251159668,1.2673640251159668,1.2673640251159668,,
lora_grad_diff,qwen3_4b,RWKU,objective_first,1,-1.9653997421264648,,,-1.9653997421264648,-1.9653997421264648,-1.9653997421264648,-1.9653997421264648,-1.9653997421264648,,
lora_grad_diff,qwen3_4b,RWKU,objective_last,1,-18.567285537719727,,,-18.567285537719727,-18.567285537719727,-18.567285537719727,-18.567285537719727,-18.567285537719727,,
lora_grad_diff,qwen3_4b,RWKU,size_mib,1,504.66173934936523,,,504.66173934936523,504.66173934936523,504.66173934936523,504.66173934936523,504.66173934936523,,
lora_grad_diff,qwen3_4b,TOFU,forget_loss_first,3,5.36790148417155,0.8556349289715025,0.4940010565697433,5.056789875030518,4.884069919586182,5.696177244186401,4.711349964141846,6.335564613342285,4.399659413294853,6.336143555048246
lora_grad_diff,qwen3_4b,TOFU,forget_loss_last,3,8.743542671203613,1.8927836808802974,1.0927991676739706,9.378800392150879,7.996823310852051,9.807890892028809,6.614846229553223,10.236981391906738,6.601656302562631,10.885429039844595
lora_grad_diff,qwen3_4b,TOFU,retain_loss_first,3,3.4335034688313804,0.8379974946669806,0.4838180791262133,3.4878928661346436,3.028764486312866,3.865437150001526,2.569636106491089,4.242981433868408,2.4852200337440022,4.3817869039187585
lora_grad_diff,qwen3_4b,TOFU,retain_loss_last,3,3.9273356596628823,1.2137553233101201,0.7007619626434392,4.002252578735352,3.3400548696517944,4.552074909210205,2.6778571605682373,5.101897239685059,2.553842212881742,5.300829106444023
lora_grad_diff,qwen3_4b,TOFU,objective_first,3,-1.9343980153401692,1.2823514110997514,0.740365932394138,-2.4871537685394287,-2.667412757873535,-1.477761149406433,-2.8476717472076416,-0.4683685302734375,-3.3855152428326796,-0.4832807878476588
lora_grad_diff,qwen3_4b,TOFU,objective_last,3,-4.816206932067871,3.0617877897339785,1.7677240046044218,-5.376547813415527,-6.467835903167725,-3.4447484016418457,-7.559123992919922,-1.512948989868164,-8.280945981092538,-1.3514678830432043
lora_grad_diff,qwen3_4b,TOFU,size_mib,3,504.66171677907306,7.407620873598126e-06,4.276791905426569e-06,504.661714553833,504.6617126464844,504.66171979904175,504.66171073913574,504.6617250442505,504.6617083965609,504.6617251615852
lora_grad_diff,qwen3_8b,MUSE-News,forget_loss_first,1,7.346629619598389,,,7.346629619598389,7.346629619598389,7.346629619598389,7.346629619598389,7.346629619598389,,
lora_grad_diff,qwen3_8b,MUSE-News,forget_loss_last,1,20.181230545043945,,,20.181230545043945,20.181230545043945,20.181230545043945,20.181230545043945,20.181230545043945,,
lora_grad_diff,qwen3_8b,MUSE-News,retain_loss_first,1,6.772942066192627,,,6.772942066192627,6.772942066192627,6.772942066192627,6.772942066192627,6.772942066192627,,
lora_grad_diff,qwen3_8b,MUSE-News,retain_loss_last,1,2.329807758331299,,,2.329807758331299,2.329807758331299,2.329807758331299,2.329807758331299,2.329807758331299,,
lora_grad_diff,qwen3_8b,MUSE-News,objective_first,1,-0.5736875534057617,,,-0.5736875534057617,-0.5736875534057617,-0.5736875534057617,-0.5736875534057617,-0.5736875534057617,,
lora_grad_diff,qwen3_8b,MUSE-News,objective_last,1,-17.851423263549805,,,-17.851423263549805,-17.851423263549805,-17.851423263549805,-17.851423263549805,-17.851423263549805,,
lora_grad_diff,qwen3_8b,MUSE-News,size_mib,1,666.6634941101074,,,666.6634941101074,666.6634941101074,666.6634941101074,666.6634941101074,666.6634941101074,,
lora_grad_diff,qwen3_8b,RWKU,forget_loss_first,1,8.992667198181152,,,8.992667198181152,8.992667198181152,8.992667198181152,8.992667198181152,8.992667198181152,,
lora_grad_diff,qwen3_8b,RWKU,forget_loss_last,1,27.417236328125,,,27.417236328125,27.417236328125,27.417236328125,27.417236328125,27.417236328125,,
lora_grad_diff,qwen3_8b,RWKU,retain_loss_first,1,7.781423091888428,,,7.781423091888428,7.781423091888428,7.781423091888428,7.781423091888428,7.781423091888428,,
lora_grad_diff,qwen3_8b,RWKU,retain_loss_last,1,2.069756269454956,,,2.069756269454956,2.069756269454956,2.069756269454956,2.069756269454956,2.069756269454956,,
lora_grad_diff,qwen3_8b,RWKU,objective_first,1,-1.2112441062927246,,,-1.2112441062927246,-1.2112441062927246,-1.2112441062927246,-1.2112441062927246,-1.2112441062927246,,
lora_grad_diff,qwen3_8b,RWKU,objective_last,1,-25.34748077392578,,,-25.34748077392578,-25.34748077392578,-25.34748077392578,-25.34748077392578,-25.34748077392578,,
lora_grad_diff,qwen3_8b,RWKU,size_mib,1,666.6635122299194,,,666.6635122299194,666.6635122299194,666.6635122299194,666.6635122299194,666.6635122299194,,
lora_grad_diff,qwen3_8b,TOFU,forget_loss_first,3,4.389689922332764,0.22908784522397857,0.13226392910813536,4.501246929168701,4.313719272613525,4.521439075469971,4.12619161605835,4.54163122177124,4.130452621280819,4.6489272233847085
lora_grad_diff,qwen3_8b,TOFU,forget_loss_last,3,7.826885223388672,2.2717890683486486,1.3116180301531415,8.359204292297363,6.847703456878662,9.072226524353027,5.336202621459961,9.785248756408691,5.2561138842885144,10.39765656248883
lora_grad_diff,qwen3_8b,TOFU,retain_loss_first,3,2.98923659324646,0.42376061244366,0.24465830366630778,2.965757369995117,2.7717305421829224,3.195003032684326,2.5777037143707275,3.424248695373535,2.5097063180604966,3.4687668684324233
lora_grad_diff,qwen3_8b,TOFU,retain_loss_last,3,2.5732527573903403,0.5363401335539117,0.3096561204845508,2.283346176147461,2.2638022899627686,2.737749934196472,2.244258403778076,3.1921536922454834,1.9663267612406208,3.18017875354006
lora_grad_diff,qwen3_8b,TOFU,objective_first,3,-1.4004533290863037,0.6417377672025674,0.37050747264355166,-1.535489559173584,-1.7497085332870483,-1.1187162399291992,-1.9639275074005127,-0.7019429206848145,-2.126647975467665,-0.6742586827049425
lora_grad_diff,qwen3_8b,TOFU,objective_last,3,-5.253632465998332,2.790839559482349,1.611291970932191,-6.075858116149902,-6.808424234390259,-4.10995352268219,-7.540990352630615,-2.1440489292144775,-8.411764729025426,-2.095500202971238
lora_grad_diff,qwen3_8b,TOFU,size_mib,3,666.6635166803995,1.054805757079891e-05,6.089923877928421e-06,666.6635179519653,666.6635117530823,666.6635222434998,666.6635055541992,666.6635265350342,666.6635047441488,666.6635286166503
